gtdb_species_clade_id,GTDB_species,GTDB_taxonomy,no_genomes,no_core,no_accessory,no_singletons,no_gene_clusters,no_CDSes,mean_intra_species_ANI,ANI_circumscription_radius,domain,phylum,class,order,family,genus,pct_core,pct_accessory,pct_singletons,openness,avg_genes_per_genome,rep_genome,in_tree,original_index
s__Escherichia_marmotae--RS_GCF_002900365.1,s__Escherichia_marmotae,d__Bacteria;p__Pseudomonadota;c__Gammaproteobacteria;o__Enterobacterales;f__Enterobacteriaceae;g__Escherichia,100,2893,12210,6305.0,15103,446809,99.01,95.0,Bacteria,Pseudomonadota,Gammaproteobacteria,Enterobacterales,Enterobacteriaceae,Escherichia,19.16,80.84,41.75,4.221,4468.0,RS_GCF_002900365.1,True,361
s__Faecalibacillus_intestinalis--RS_GCF_003024685.1,s__Faecalibacillus_intestinalis,d__Bacteria;p__Bacillota;c__Bacilli;o__Erysipelotrichales;f__Coprobacillaceae;g__Faecalibacillus,65,1576,11821,7052.0,13397,191900,97.67,95.0,Bacteria,Bacillota,Bacilli,Erysipelotrichales,Coprobacillaceae,Faecalibacillus,11.76,88.24,52.64,7.501,2952.0,RS_GCF_003024685.1,True,73
s__Polynucleobacter_sp903843315--GB_GCA_903843315.1,s__Polynucleobacter_sp903843315,d__Bacteria;p__Pseudomonadota;c__Gammaproteobacteria;o__Burkholderiales;f__Burkholderiaceae;g__Polynucleobacter,17,1365,5346,3858.0,6711,35055,99.21,95.0,Bacteria,Pseudomonadota,Gammaproteobacteria,Burkholderiales,Burkholderiaceae,Polynucleobacter,20.34,79.66,57.49,3.916,2062.0,GB_GCA_903843315.1,True,374
s__Ruminococcus_E_sp900315085--GB_GCA_900315085.1,s__Ruminococcus_E_sp900315085,d__Bacteria;p__Bacillota_A;c__Clostridia;o__Oscillospirales;f__Acutalibacteraceae;g__Ruminococcus_E,10,1126,4689,3574.0,5815,20134,98.46,95.0,Bacteria,Bacillota_A,Clostridia,Oscillospirales,Acutalibacteraceae,Ruminococcus_E,19.36,80.64,61.46,4.164,2013.0,GB_GCA_900315085.1,True,155
s__Listeria_ivanovii--RS_GCF_900187025.1,s__Listeria_ivanovii,d__Bacteria;p__Bacillota;c__Bacilli;o__Lactobacillales;f__Listeriaceae;g__Listeria,28,1993,1615,842.0,3608,79603,99.77,95.0,Bacteria,Bacillota,Bacilli,Lactobacillales,Listeriaceae,Listeria,55.24,44.76,23.34,0.81,2843.0,RS_GCF_900187025.1,True,104
s__Burkholderia_sp905232215--RS_GCF_905232215.1,s__Burkholderia_sp905232215,d__Bacteria;p__Pseudomonadota;c__Gammaproteobacteria;o__Burkholderiales;f__Burkholderiaceae;g__Burkholderia,12,4080,9484,5105.0,13564,98290,98.7,95.0,Bacteria,Pseudomonadota,Gammaproteobacteria,Burkholderiales,Burkholderiaceae,Burkholderia,30.08,69.92,37.64,2.325,8191.0,RS_GCF_905232215.1,True,394
s__Pseudomonas_E_protegens--RS_GCF_000397205.1,s__Pseudomonas_E_protegens,d__Bacteria;p__Pseudomonadota;c__Gammaproteobacteria;o__Pseudomonadales;f__Pseudomonadaceae;g__Pseudomonas_E,78,4108,8572,5374.0,12680,488430,98.78,95.0,Bacteria,Pseudomonadota,Gammaproteobacteria,Pseudomonadales,Pseudomonadaceae,Pseudomonas_E,32.4,67.6,42.38,2.087,6262.0,RS_GCF_000397205.1,True,377
s__Lactobacillus_paragasseri--RS_GCF_003584685.1,s__Lactobacillus_paragasseri,d__Bacteria;p__Bacillota;c__Bacilli;o__Lactobacillales;f__Lactobacillaceae;g__Lactobacillus,53,1187,3966,1823.0,5153,102355,98.63,95.0,Bacteria,Bacillota,Bacilli,Lactobacillales,Lactobacillaceae,Lactobacillus,23.04,76.96,35.38,3.341,1931.0,RS_GCF_003584685.1,True,124
s__Streptococcus_mitis_BA--RS_GCF_900411395.1,s__Streptococcus_mitis_BA,d__Bacteria;p__Bacillota;c__Bacilli;o__Lactobacillales;f__Streptococcaceae;g__Streptococcus,14,1359,1188,394.0,2547,28430,95.49,95.0,Bacteria,Bacillota,Bacilli,Lactobacillales,Streptococcaceae,Streptococcus,53.36,46.64,15.47,0.874,2031.0,RS_GCF_900411395.1,True,68
s__Jezberella_montanilacus--RS_GCF_003003055.1,s__Jezberella_montanilacus,d__Bacteria;p__Pseudomonadota;c__Gammaproteobacteria;o__Burkholderiales;f__Burkholderiaceae_C;g__Jezberella,10,1891,3434,2353.0,5325,31650,99.26,95.0,Bacteria,Pseudomonadota,Gammaproteobacteria,Burkholderiales,Burkholderiaceae_C,Jezberella,35.51,64.49,44.19,1.816,3165.0,RS_GCF_003003055.1,True,450
s__Bifidobacterium_pseudocatenulatum--RS_GCF_001025215.1,s__Bifidobacterium_pseudocatenulatum,d__Bacteria;p__Actinomycetota;c__Actinomycetia;o__Actinomycetales;f__Bifidobacteriaceae;g__Bifidobacterium,170,1264,11001,6380.0,12265,315808,98.09,95.0,Bacteria,Actinomycetota,Actinomycetia,Actinomycetales,Bifidobacteriaceae,Bifidobacterium,10.31,89.69,52.02,8.703,1858.0,RS_GCF_001025215.1,True,9
s__ELB16-189_sp020403045--GB_GCA_020403045.1,s__ELB16-189_sp020403045,d__Bacteria;p__Bacteroidota;c__Bacteroidia;o__Cytophagales;f__Cyclobacteriaceae;g__ELB16-189,14,2896,4012,3146.0,6908,52018,99.95,95.0,Bacteria,Bacteroidota,Bacteroidia,Cytophagales,Cyclobacteriaceae,ELB16-189,41.92,58.08,45.54,1.385,3716.0,GB_GCA_020403045.1,True,194
s__SMXQ01_sp018666775--GB_GCA_018666775.1,s__SMXQ01_sp018666775,d__Bacteria;p__Pseudomonadota;c__Alphaproteobacteria;o__SMXQ01;f__SMXQ01;g__SMXQ01,11,1689,2136,1842.0,3825,24757,99.98,95.0,Bacteria,Pseudomonadota,Alphaproteobacteria,SMXQ01,SMXQ01,SMXQ01,44.16,55.84,48.16,1.265,2251.0,GB_GCA_018666775.1,True,406
s__Listeria_cossartiae--RS_GCF_014224155.1,s__Listeria_cossartiae,d__Bacteria;p__Bacillota;c__Bacilli;o__Lactobacillales;f__Listeriaceae;g__Listeria,10,2005,1202,738.0,3207,28078,97.71,95.0,Bacteria,Bacillota,Bacilli,Lactobacillales,Listeriaceae,Listeria,62.52,37.48,23.01,0.6,2808.0,RS_GCF_014224155.1,True,84
s__Acinetobacter_calcoaceticus--RS_GCF_000368965.1,s__Acinetobacter_calcoaceticus,d__Bacteria;p__Pseudomonadota;c__Gammaproteobacteria;o__Pseudomonadales;f__Moraxellaceae;g__Acinetobacter,25,2455,5032,3336.0,7487,93805,97.01,95.0,Bacteria,Pseudomonadota,Gammaproteobacteria,Pseudomonadales,Moraxellaceae,Acinetobacter,32.79,67.21,44.56,2.05,3752.0,RS_GCF_000368965.1,True,371
s__Hamiltonella_defensa--RS_GCF_000021705.1,s__Hamiltonella_defensa,d__Bacteria;p__Pseudomonadota;c__Gammaproteobacteria;o__Enterobacterales;f__Enterobacteriaceae;g__Hamiltonella,17,1045,4187,1974.0,5232,35539,98.13,95.0,Bacteria,Pseudomonadota,Gammaproteobacteria,Enterobacterales,Enterobacteriaceae,Hamiltonella,19.97,80.03,37.73,4.007,2091.0,RS_GCF_000021705.1,True,388
s__Akkermansia_muciniphila--RS_GCF_000020225.1,s__Akkermansia_muciniphila,d__Bacteria;p__Verrucomicrobiota;c__Verrucomicrobiae;o__Verrucomicrobiales;f__Akkermansiaceae;g__Akkermansia,247,1716,14324,8792.0,16040,575920,98.03,95.0,Bacteria,Verrucomicrobiota,Verrucomicrobiae,Verrucomicrobiales,Akkermansiaceae,Akkermansia,10.7,89.3,54.81,8.347,2332.0,RS_GCF_000020225.1,True,495
s__Bifidobacterium_tibiigranuli--RS_GCF_009371885.1,s__Bifidobacterium_tibiigranuli,d__Bacteria;p__Actinomycetota;c__Actinomycetia;o__Actinomycetales;f__Bifidobacteriaceae;g__Bifidobacterium,18,1402,2273,666.0,3675,37587,97.8,95.0,Bacteria,Actinomycetota,Actinomycetia,Actinomycetales,Bifidobacteriaceae,Bifidobacterium,38.15,61.85,18.12,1.621,2088.0,RS_GCF_009371885.1,True,30
s__Dickeya_solani--RS_GCF_001644705.1,s__Dickeya_solani,d__Bacteria;p__Pseudomonadota;c__Gammaproteobacteria;o__Enterobacterales;f__Enterobacteriaceae;g__Dickeya,38,3141,1968,1250.0,5109,159272,99.92,95.0,Bacteria,Pseudomonadota,Gammaproteobacteria,Enterobacterales,Enterobacteriaceae,Dickeya,61.48,38.52,24.47,0.627,4191.0,RS_GCF_001644705.1,True,316
s__Limnohabitans_sp903910745--GB_GCA_903910745.1,s__Limnohabitans_sp903910745,d__Bacteria;p__Pseudomonadota;c__Gammaproteobacteria;o__Burkholderiales;f__Burkholderiaceae_B;g__Limnohabitans,16,1915,6377,4672.0,8292,50302,99.67,95.0,Bacteria,Pseudomonadota,Gammaproteobacteria,Burkholderiales,Burkholderiaceae_B,Limnohabitans,23.09,76.91,56.34,3.33,3144.0,GB_GCA_903910745.1,True,408
s__Leptospira_A_levettii--RS_GCF_002812085.1,s__Leptospira_A_levettii,d__Bacteria;p__Spirochaetota;c__Leptospirae;o__Leptospirales;f__Leptospiraceae;g__Leptospira_A,15,2904,2240,1502.0,5144,55501,98.61,95.0,Bacteria,Spirochaetota,Leptospirae,Leptospirales,Leptospiraceae,Leptospira_A,56.45,43.55,29.2,0.771,3700.0,RS_GCF_002812085.1,True,490
s__Leptospira_kirschneri--RS_GCF_000243695.2,s__Leptospira_kirschneri,d__Bacteria;p__Spirochaetota;c__Leptospirae;o__Leptospirales;f__Leptospiraceae;g__Leptospira,34,2643,4559,2187.0,7202,126109,98.9,95.0,Bacteria,Spirochaetota,Leptospirae,Leptospirales,Leptospiraceae,Leptospira,36.7,63.3,30.37,1.725,3709.0,RS_GCF_000243695.2,True,491
s__Thermodesulfobacterium_commune--RS_GCF_000734015.1,s__Thermodesulfobacterium_commune,d__Bacteria;p__Desulfobacterota;c__Thermodesulfobacteria;o__Thermodesulfobacteriales;f__Thermodesulfobacteriaceae;g__Thermodesulfobacterium,11,963,1856,943.0,2819,16481,99.06,95.9677,Bacteria,Desulfobacterota,Thermodesulfobacteria,Thermodesulfobacteriales,Thermodesulfobacteriaceae,Thermodesulfobacterium,34.16,65.84,33.45,1.927,1498.0,RS_GCF_000734015.1,True,280
s__Yersinia_bercovieri--RS_GCF_013282745.1,s__Yersinia_bercovieri,d__Bacteria;p__Pseudomonadota;c__Gammaproteobacteria;o__Enterobacterales;f__Enterobacteriaceae;g__Yersinia,18,2633,4129,2443.0,6762,71399,99.13,95.0,Bacteria,Pseudomonadota,Gammaproteobacteria,Enterobacterales,Enterobacteriaceae,Yersinia,38.94,61.06,36.13,1.568,3967.0,RS_GCF_013282745.1,True,356
s__Liquorilactobacillus_nagelii--RS_GCF_019444005.1,s__Liquorilactobacillus_nagelii,d__Bacteria;p__Bacillota;c__Bacilli;o__Lactobacillales;f__Lactobacillaceae;g__Liquorilactobacillus,10,1483,1855,872.0,3338,23395,98.59,95.0,Bacteria,Bacillota,Bacilli,Lactobacillales,Lactobacillaceae,Liquorilactobacillus,44.43,55.57,26.12,1.251,2340.0,RS_GCF_019444005.1,True,76
s__Mesorhizobium_sp004022705--RS_GCF_004022705.2,s__Mesorhizobium_sp004022705,d__Bacteria;p__Pseudomonadota;c__Alphaproteobacteria;o__Rhizobiales;f__Rhizobiaceae;g__Mesorhizobium,20,4484,8398,6905.0,12882,138931,99.86,95.0,Bacteria,Pseudomonadota,Alphaproteobacteria,Rhizobiales,Rhizobiaceae,Mesorhizobium,34.81,65.19,53.6,1.873,6947.0,RS_GCF_004022705.2,True,461
s__UBA953_sp002470605--GB_GCA_002470605.1,s__UBA953_sp002470605,d__Bacteria;p__Verrucomicrobiota;c__Verrucomicrobiae;o__Opitutales;f__UBA953;g__UBA953,17,1684,4351,3464.0,6035,36818,96.53,95.0,Bacteria,Verrucomicrobiota,Verrucomicrobiae,Opitutales,UBA953,UBA953,27.9,72.1,57.4,2.584,2166.0,GB_GCA_002470605.1,True,497
s__Sediminibacterium_sp020403455--GB_GCA_020403455.1,s__Sediminibacterium_sp020403455,d__Bacteria;p__Bacteroidota;c__Bacteroidia;o__Chitinophagales;f__Chitinophagaceae;g__Sediminibacterium,17,1744,6423,4584.0,8167,44344,98.43,95.0,Bacteria,Bacteroidota,Bacteroidia,Chitinophagales,Chitinophagaceae,Sediminibacterium,21.35,78.65,56.13,3.683,2608.0,GB_GCA_020403455.1,True,211
s__Coprobacillus_cateniformis--RS_GCF_009767585.1,s__Coprobacillus_cateniformis,d__Bacteria;p__Bacillota;c__Bacilli;o__Erysipelotrichales;f__Coprobacillaceae;g__Coprobacillus,11,1982,4072,2729.0,6054,40482,99.18,95.0,Bacteria,Bacillota,Bacilli,Erysipelotrichales,Coprobacillaceae,Coprobacillus,32.74,67.26,45.08,2.054,3680.0,RS_GCF_009767585.1,True,101
s__GCA-2731375_sp018660265--GB_GCA_018660265.1,s__GCA-2731375_sp018660265,d__Bacteria;p__Pseudomonadota;c__Alphaproteobacteria;o__GCA-2731375;f__GCA-2731375;g__GCA-2731375,11,3054,5088,3943.0,8142,55733,99.92,95.0,Bacteria,Pseudomonadota,Alphaproteobacteria,GCA-2731375,GCA-2731375,GCA-2731375,37.51,62.49,48.43,1.666,5067.0,GB_GCA_018660265.1,True,334
s__Pantoea_allii--RS_GCF_002307475.1,s__Pantoea_allii,d__Bacteria;p__Pseudomonadota;c__Gammaproteobacteria;o__Enterobacterales;f__Enterobacteriaceae;g__Pantoea,15,2994,3000,1758.0,5994,70620,99.07,95.0,Bacteria,Pseudomonadota,Gammaproteobacteria,Enterobacterales,Enterobacteriaceae,Pantoea,49.95,50.05,29.33,1.002,4708.0,RS_GCF_002307475.1,True,475
s__Vibrio_mimicus--RS_GCF_000338875.1,s__Vibrio_mimicus,d__Bacteria;p__Pseudomonadota;c__Gammaproteobacteria;o__Enterobacterales_A;f__Vibrionaceae;g__Vibrio,26,2761,5925,4001.0,8686,102438,97.59,95.0,Bacteria,Pseudomonadota,Gammaproteobacteria,Enterobacterales_A,Vibrionaceae,Vibrio,31.79,68.21,46.06,2.146,3940.0,RS_GCF_000338875.1,True,336
s__Haemophilus_D_parainfluenzae_K--RS_GCF_003252795.1,s__Haemophilus_D_parainfluenzae_K,d__Bacteria;p__Pseudomonadota;c__Gammaproteobacteria;o__Enterobacterales_A;f__Pasteurellaceae;g__Haemophilus_D,22,1449,3852,2943.0,5301,41100,95.35,95.0,Bacteria,Pseudomonadota,Gammaproteobacteria,Enterobacterales_A,Pasteurellaceae,Haemophilus_D,27.33,72.67,55.52,2.658,1868.0,RS_GCF_003252795.1,True,440
s__Intestinimonas_butyriciproducens--RS_GCF_004154955.1,s__Intestinimonas_butyriciproducens,d__Bacteria;p__Bacillota_A;c__Clostridia;o__Oscillospirales;f__Oscillospiraceae;g__Intestinimonas,21,1909,5376,3080.0,7285,66028,98.8,95.0,Bacteria,Bacillota_A,Clostridia,Oscillospirales,Oscillospiraceae,Intestinimonas,26.2,73.8,42.28,2.816,3144.0,RS_GCF_004154955.1,True,173
s__Nanopelagicus_sp001437855--GB_GCA_001437855.1,s__Nanopelagicus_sp001437855,d__Bacteria;p__Actinomycetota;c__Actinomycetia;o__Nanopelagicales;f__Nanopelagicaceae;g__Nanopelagicus,12,646,2586,1757.0,3232,12698,96.4,95.0,Bacteria,Actinomycetota,Actinomycetia,Nanopelagicales,Nanopelagicaceae,Nanopelagicus,19.99,80.01,54.36,4.003,1058.0,GB_GCA_001437855.1,True,2
s__Pasteurella_canis--RS_GCF_900454865.1,s__Pasteurella_canis,d__Bacteria;p__Pseudomonadota;c__Gammaproteobacteria;o__Enterobacterales_A;f__Pasteurellaceae;g__Pasteurella,10,1626,1452,1066.0,3078,20947,98.78,95.0,Bacteria,Pseudomonadota,Gammaproteobacteria,Enterobacterales_A,Pasteurellaceae,Pasteurella,52.83,47.17,34.63,0.893,2095.0,RS_GCF_900454865.1,True,333
s__AG-339-G14_sp003282105--GB_GCA_003282105.1,s__AG-339-G14_sp003282105,d__Bacteria;p__Pseudomonadota;c__Gammaproteobacteria;o__SAR86;f__AG-339-G14;g__AG-339-G14,12,903,889,629.0,1792,12609,95.56,95.0,Bacteria,Pseudomonadota,Gammaproteobacteria,SAR86,AG-339-G14,AG-339-G14,50.39,49.61,35.1,0.984,1051.0,GB_GCA_003282105.1,True,409
s__Streptococcus_infantarius--RS_GCF_000154985.1,s__Streptococcus_infantarius,d__Bacteria;p__Bacillota;c__Bacilli;o__Lactobacillales;f__Streptococcaceae;g__Streptococcus,23,1198,4022,2577.0,5220,44551,97.71,95.0,Bacteria,Bacillota,Bacilli,Lactobacillales,Streptococcaceae,Streptococcus,22.95,77.05,49.37,3.357,1937.0,RS_GCF_000154985.1,True,70
s__Prevotella_sp900548195--GB_GCA_900548195.1,s__Prevotella_sp900548195,d__Bacteria;p__Bacteroidota;c__Bacteroidia;o__Bacteroidales;f__Bacteroidaceae;g__Prevotella,25,1397,6958,5053.0,8355,52847,96.77,95.0,Bacteria,Bacteroidota,Bacteroidia,Bacteroidales,Bacteroidaceae,Prevotella,16.72,83.28,60.48,4.981,2114.0,GB_GCA_900548195.1,True,209
s__Mammaliicoccus_lentus--RS_GCF_002902755.1,s__Mammaliicoccus_lentus,d__Bacteria;p__Bacillota;c__Bacilli;o__Staphylococcales;f__Staphylococcaceae;g__Mammaliicoccus,48,1875,3882,2292.0,5757,129981,99.09,95.0,Bacteria,Bacillota,Bacilli,Staphylococcales,Staphylococcaceae,Mammaliicoccus,32.57,67.43,39.81,2.07,2708.0,RS_GCF_002902755.1,True,63
s__Bradyrhizobium_sp023100905--RS_GCF_023100905.1,s__Bradyrhizobium_sp023100905,d__Bacteria;p__Pseudomonadota;c__Alphaproteobacteria;o__Rhizobiales;f__Xanthobacteraceae;g__Bradyrhizobium,10,4058,5371,2547.0,9429,75224,98.52,95.0,Bacteria,Pseudomonadota,Alphaproteobacteria,Rhizobiales,Xanthobacteraceae,Bradyrhizobium,43.04,56.96,27.01,1.324,7522.0,RS_GCF_023100905.1,True,384
s__Staphylococcus_ureilyticus--RS_GCF_002902235.1,s__Staphylococcus_ureilyticus,d__Bacteria;p__Bacillota;c__Bacilli;o__Staphylococcales;f__Staphylococcaceae;g__Staphylococcus,81,1874,4787,2628.0,6661,215415,98.78,95.0,Bacteria,Bacillota,Bacilli,Staphylococcales,Staphylococcaceae,Staphylococcus,28.13,71.87,39.45,2.554,2659.0,RS_GCF_002902235.1,True,93
s__Thiomonas_arsenitoxydans--RS_GCF_000253115.1,s__Thiomonas_arsenitoxydans,d__Bacteria;p__Pseudomonadota;c__Gammaproteobacteria;o__Burkholderiales;f__Burkholderiaceae_B;g__Thiomonas,17,2123,5496,3514.0,7619,55930,97.68,95.0,Bacteria,Pseudomonadota,Gammaproteobacteria,Burkholderiales,Burkholderiaceae_B,Thiomonas,27.86,72.14,46.12,2.589,3290.0,RS_GCF_000253115.1,True,485
s__Moorella_thermoacetica--RS_GCF_001267405.1,s__Moorella_thermoacetica,d__Bacteria;p__Bacillota_B;c__Moorellia;o__Moorellales;f__Moorellaceae;g__Moorella,15,1784,2182,860.0,3966,40449,99.17,95.0,Bacteria,Bacillota_B,Moorellia,Moorellales,Moorellaceae,Moorella,44.98,55.02,21.68,1.223,2697.0,RS_GCF_001267405.1,True,185
s__QYPT01_sp903834705--GB_GCA_903834705.1,s__QYPT01_sp903834705,d__Bacteria;p__Actinomycetota;c__Actinomycetia;o__Nanopelagicales;f__Nanopelagicaceae;g__QYPT01,14,722,2472,1593.0,3194,17358,98.91,95.0,Bacteria,Actinomycetota,Actinomycetia,Nanopelagicales,Nanopelagicaceae,QYPT01,22.6,77.4,49.87,3.424,1240.0,GB_GCA_903834705.1,True,33
s__Bacillus_H_clausii--RS_GCF_002250115.1,s__Bacillus_H_clausii,d__Bacteria;p__Bacillota;c__Bacilli;o__Bacillales_H;f__Bacillaceae_D;g__Bacillus_H,15,2825,3342,2179.0,6167,67553,98.71,95.4953,Bacteria,Bacillota,Bacilli,Bacillales_H,Bacillaceae_D,Bacillus_H,45.81,54.19,35.33,1.183,4504.0,RS_GCF_002250115.1,True,77
s__Geothrix_sp903857495--GB_GCA_903857495.1,s__Geothrix_sp903857495,d__Bacteria;p__Acidobacteriota;c__Holophagae;o__Holophagales;f__Holophagaceae;g__Geothrix,50,2610,398,260.0,3008,157849,99.99,95.0,Bacteria,Acidobacteriota,Holophagae,Holophagales,Holophagaceae,Geothrix,86.77,13.23,8.64,0.152,3157.0,GB_GCA_903857495.1,True,0
s__Corynebacterium_stationis--RS_GCF_001941345.1,s__Corynebacterium_stationis,d__Bacteria;p__Actinomycetota;c__Actinomycetia;o__Mycobacteriales;f__Mycobacteriaceae;g__Corynebacterium,13,1802,3430,2331.0,5232,33452,97.86,95.0,Bacteria,Actinomycetota,Actinomycetia,Mycobacteriales,Mycobacteriaceae,Corynebacterium,34.44,65.56,44.55,1.903,2573.0,RS_GCF_001941345.1,True,11
s__Ochrobactrum_A_pituitosa--RS_GCF_003049685.1,s__Ochrobactrum_A_pituitosa,d__Bacteria;p__Pseudomonadota;c__Alphaproteobacteria;o__Rhizobiales;f__Rhizobiaceae;g__Ochrobactrum_A,14,2734,5064,3176.0,7798,65516,98.28,95.0,Bacteria,Pseudomonadota,Alphaproteobacteria,Rhizobiales,Rhizobiaceae,Ochrobactrum_A,35.06,64.94,40.73,1.852,4680.0,RS_GCF_003049685.1,True,415
s__Bifidobacterium_dentium--RS_GCF_001042595.1,s__Bifidobacterium_dentium,d__Bacteria;p__Actinomycetota;c__Actinomycetia;o__Actinomycetales;f__Bifidobacteriaceae;g__Bifidobacterium,50,1402,4338,2383.0,5740,105212,98.93,95.0,Bacteria,Actinomycetota,Actinomycetia,Actinomycetales,Bifidobacteriaceae,Bifidobacterium,24.43,75.57,41.52,3.094,2104.0,RS_GCF_001042595.1,True,22
s__Exiguobacterium_mexicanum--RS_GCF_005960665.1,s__Exiguobacterium_mexicanum,d__Bacteria;p__Bacillota;c__Bacilli;o__Exiguobacterales;f__Exiguobacteraceae;g__Exiguobacterium,17,2122,2744,1711.0,4866,51508,97.14,95.0,Bacteria,Bacillota,Bacilli,Exiguobacterales,Exiguobacteraceae,Exiguobacterium,43.61,56.39,35.16,1.293,3030.0,RS_GCF_005960665.1,True,72
s__RUG11894_sp017412505--GB_GCA_017412505.1,s__RUG11894_sp017412505,d__Bacteria;p__Bacillota_A;c__Clostridia;o__Peptostreptococcales;f__Anaerovoracaceae;g__RUG11894,10,1122,4253,3152.0,5375,19929,96.89,95.0,Bacteria,Bacillota_A,Clostridia,Peptostreptococcales,Anaerovoracaceae,RUG11894,20.87,79.13,58.64,3.791,1993.0,GB_GCA_017412505.1,True,182
s__Ruminococcus_sp002438605--GB_GCA_002438605.1,s__Ruminococcus_sp002438605,d__Bacteria;p__Bacillota_A;c__Clostridia;o__Oscillospirales;f__Ruminococcaceae;g__Ruminococcus,10,1268,2750,2014.0,4018,19144,98.57,95.0,Bacteria,Bacillota_A,Clostridia,Oscillospirales,Ruminococcaceae,Ruminococcus,31.56,68.44,50.12,2.169,1914.0,GB_GCA_002438605.1,True,131
s__Ursidibacter_maritimus--RS_GCF_009761395.1,s__Ursidibacter_maritimus,d__Bacteria;p__Pseudomonadota;c__Gammaproteobacteria;o__Enterobacterales_A;f__Pasteurellaceae;g__Ursidibacter,15,1609,1348,1178.0,2957,28833,99.92,95.0,Bacteria,Pseudomonadota,Gammaproteobacteria,Enterobacterales_A,Pasteurellaceae,Ursidibacter,54.41,45.59,39.84,0.838,1922.0,RS_GCF_009761395.1,True,410
s__Prevotella_sp000434975--RS_GCF_019052365.1,s__Prevotella_sp000434975,d__Bacteria;p__Bacteroidota;c__Bacteroidia;o__Bacteroidales;f__Bacteroidaceae;g__Prevotella,47,1368,9328,5850.0,10696,96917,96.95,95.0,Bacteria,Bacteroidota,Bacteroidia,Bacteroidales,Bacteroidaceae,Prevotella,12.79,87.21,54.69,6.819,2062.0,RS_GCF_019052365.1,True,193
s__Rothia_sp001808955--RS_GCF_001808955.1,s__Rothia_sp001808955,d__Bacteria;p__Actinomycetota;c__Actinomycetia;o__Actinomycetales;f__Micrococcaceae;g__Rothia,26,1414,2500,1721.0,3914,46016,95.95,95.0,Bacteria,Actinomycetota,Actinomycetia,Actinomycetales,Micrococcaceae,Rothia,36.13,63.87,43.97,1.768,1770.0,RS_GCF_001808955.1,True,55
s__CAG-964_sp900316615--GB_GCA_900316615.1,s__CAG-964_sp900316615,d__Bacteria;p__Bacillota_A;c__Clostridia;o__Oscillospirales;f__Acutalibacteraceae;g__CAG-964,11,998,3889,2725.0,4887,18405,99.04,95.0,Bacteria,Bacillota_A,Clostridia,Oscillospirales,Acutalibacteraceae,CAG-964,20.42,79.58,55.76,3.897,1673.0,GB_GCA_900316615.1,True,148
s__PALSA-747_sp903867285--GB_GCA_903867285.1,s__PALSA-747_sp903867285,d__Bacteria;p__Actinomycetota;c__Actinomycetia;o__Nanopelagicales;f__Nanopelagicaceae;g__PALSA-747,12,745,3348,2118.0,4093,17180,98.56,95.0,Bacteria,Actinomycetota,Actinomycetia,Nanopelagicales,Nanopelagicaceae,PALSA-747,18.2,81.8,51.75,4.494,1432.0,GB_GCA_903867285.1,True,18
s__Ferruginibacter_sp002381005--GB_GCA_016699815.1,s__Ferruginibacter_sp002381005,d__Bacteria;p__Bacteroidota;c__Bacteroidia;o__Chitinophagales;f__Chitinophagaceae;g__Ferruginibacter,20,2082,5764,4636.0,7846,53272,99.75,95.0,Bacteria,Bacteroidota,Bacteroidia,Chitinophagales,Chitinophagaceae,Ferruginibacter,26.54,73.46,59.09,2.768,2664.0,GB_GCA_016699815.1,True,204
s__Mycoplasmopsis_A_synoviae--RS_GCF_000969765.1,s__Mycoplasmopsis_A_synoviae,d__Bacteria;p__Bacillota;c__Bacilli;o__Mycoplasmatales;f__Metamycoplasmataceae;g__Mycoplasmopsis_A,18,513,569,265.0,1082,12767,99.0,95.0,Bacteria,Bacillota,Bacilli,Mycoplasmatales,Metamycoplasmataceae,Mycoplasmopsis_A,47.41,52.59,24.49,1.109,709.0,RS_GCF_000969765.1,True,78
s__Mesotoga_infera_B--RS_GCF_900157305.1,s__Mesotoga_infera_B,d__Bacteria;p__Thermotogota;c__Thermotogae;o__Petrotogales;f__Kosmotogaceae;g__Mesotoga,13,1585,5446,4198.0,7031,36088,98.81,95.0,Bacteria,Thermotogota,Thermotogae,Petrotogales,Kosmotogaceae,Mesotoga,22.54,77.46,59.71,3.436,2776.0,RS_GCF_900157305.1,True,494
s__Campylobacter_A_concisus_F--RS_GCF_003048675.2,s__Campylobacter_A_concisus_F,d__Bacteria;p__Campylobacterota;c__Campylobacteria;o__Campylobacterales;f__Campylobacteraceae;g__Campylobacter_A,18,1488,2886,1903.0,4374,36689,95.49,95.0092,Bacteria,Campylobacterota,Campylobacteria,Campylobacterales,Campylobacteraceae,Campylobacter_A,34.02,65.98,43.51,1.94,2038.0,RS_GCF_003048675.2,True,262
s__Rhizobium_ruizarguesonis--RS_GCF_012349115.1,s__Rhizobium_ruizarguesonis,d__Bacteria;p__Pseudomonadota;c__Alphaproteobacteria;o__Rhizobiales;f__Rhizobiaceae;g__Rhizobium,25,4019,7898,4326.0,11917,183897,98.02,95.0,Bacteria,Pseudomonadota,Alphaproteobacteria,Rhizobiales,Rhizobiaceae,Rhizobium,33.72,66.28,36.3,1.965,7356.0,RS_GCF_012349115.1,True,323
s__Rhizobium_sp900469615--GB_GCA_900469615.1,s__Rhizobium_sp900469615,d__Bacteria;p__Pseudomonadota;c__Alphaproteobacteria;o__Rhizobiales;f__Rhizobiaceae;g__Rhizobium,12,3710,4048,2438.0,7758,77656,98.94,95.0,Bacteria,Pseudomonadota,Alphaproteobacteria,Rhizobiales,Rhizobiaceae,Rhizobium,47.82,52.18,31.43,1.091,6471.0,GB_GCA_900469615.1,True,483
s__Staphylococcus_carnosus--RS_GCF_900458435.1,s__Staphylococcus_carnosus,d__Bacteria;p__Bacillota;c__Bacilli;o__Staphylococcales;f__Staphylococcaceae;g__Staphylococcus,21,1824,1689,738.0,3513,54083,99.75,95.0,Bacteria,Bacillota,Bacilli,Staphylococcales,Staphylococcaceae,Staphylococcus,51.92,48.08,21.01,0.926,2575.0,RS_GCF_900458435.1,True,79
s__Streptomyces_rimosus--RS_GCF_008704655.1,s__Streptomyces_rimosus,d__Bacteria;p__Actinomycetota;c__Actinomycetia;o__Streptomycetales;f__Streptomycetaceae;g__Streptomyces,46,4558,10227,5352.0,14785,378721,99.21,95.0,Bacteria,Actinomycetota,Actinomycetia,Streptomycetales,Streptomycetaceae,Streptomyces,30.83,69.17,36.2,2.244,8233.0,RS_GCF_008704655.1,True,39
s__Pseudomonas_E_tremae--RS_GCF_001401155.1,s__Pseudomonas_E_tremae,d__Bacteria;p__Pseudomonadota;c__Gammaproteobacteria;o__Pseudomonadales;f__Pseudomonadaceae;g__Pseudomonas_E,85,3506,11360,5769.0,14866,449203,99.02,95.0,Bacteria,Pseudomonadota,Gammaproteobacteria,Pseudomonadales,Pseudomonadaceae,Pseudomonas_E,23.58,76.42,38.81,3.24,5285.0,RS_GCF_001401155.1,True,451
s__Ellagibacter_isourolithinifaciens--RS_GCF_008831035.1,s__Ellagibacter_isourolithinifaciens,d__Bacteria;p__Actinomycetota;c__Coriobacteriia;o__Coriobacteriales;f__Eggerthellaceae;g__Ellagibacter,15,1211,5477,4071.0,6688,29246,96.45,95.0,Bacteria,Actinomycetota,Coriobacteriia,Coriobacteriales,Eggerthellaceae,Ellagibacter,18.11,81.89,60.87,4.523,1950.0,RS_GCF_008831035.1,True,46
s__Prevotella_sp900314995--GB_GCA_900314995.1,s__Prevotella_sp900314995,d__Bacteria;p__Bacteroidota;c__Bacteroidia;o__Bacteroidales;f__Bacteroidaceae;g__Prevotella,10,1663,6117,4274.0,7780,31194,97.11,95.0,Bacteria,Bacteroidota,Bacteroidia,Bacteroidales,Bacteroidaceae,Prevotella,21.38,78.62,54.94,3.678,3119.0,GB_GCA_900314995.1,True,238
s__Stenotrophomonas_indicatrix--RS_GCF_002750975.1,s__Stenotrophomonas_indicatrix,d__Bacteria;p__Pseudomonadota;c__Gammaproteobacteria;o__Xanthomonadales;f__Xanthomonadaceae;g__Stenotrophomonas,30,2871,5942,3787.0,8813,122506,97.78,95.0,Bacteria,Pseudomonadota,Gammaproteobacteria,Xanthomonadales,Xanthomonadaceae,Stenotrophomonas,32.58,67.42,42.97,2.07,4084.0,RS_GCF_002750975.1,True,391
s__Pseudomonas_E_cichorii--RS_GCF_018343775.1,s__Pseudomonas_E_cichorii,d__Bacteria;p__Pseudomonadota;c__Gammaproteobacteria;o__Pseudomonadales;f__Pseudomonadaceae;g__Pseudomonas_E,13,3431,2490,1479.0,5921,66198,97.84,95.0,Bacteria,Pseudomonadota,Gammaproteobacteria,Pseudomonadales,Pseudomonadaceae,Pseudomonas_E,57.95,42.05,24.98,0.726,5092.0,RS_GCF_018343775.1,True,352
s__Acetobacter_sp012517935--GB_GCA_012517935.1,s__Acetobacter_sp012517935,d__Bacteria;p__Pseudomonadota;c__Alphaproteobacteria;o__Acetobacterales;f__Acetobacteraceae;g__Acetobacter,14,2180,1108,617.0,3288,38485,95.83,95.0,Bacteria,Pseudomonadota,Alphaproteobacteria,Acetobacterales,Acetobacteraceae,Acetobacter,66.3,33.7,18.77,0.508,2749.0,GB_GCA_012517935.1,True,341
s__Zag111_sp003258735--GB_GCA_003258735.1,s__Zag111_sp003258735,d__Bacteria;p__Cyanobacteriota;c__Vampirovibrionia;o__Gastranaerophilales;f__Gastranaerophilaceae;g__Zag111,10,1477,1504,1177.0,2981,19386,98.37,95.0,Bacteria,Cyanobacteriota,Vampirovibrionia,Gastranaerophilales,Gastranaerophilaceae,Zag111,49.55,50.45,39.48,1.018,1939.0,GB_GCA_003258735.1,True,277
s__NS-7_sp020028195--GB_GCA_020028195.1,s__NS-7_sp020028195,d__Bacteria;p__Nitrospirota;c__Nitrospiria;o__Nitrospirales;f__Nitrospiraceae;g__NS-7,15,1039,8101,4925.0,9140,35724,97.65,95.0,Bacteria,Nitrospirota,Nitrospiria,Nitrospirales,Nitrospiraceae,NS-7,11.37,88.63,53.88,7.797,2382.0,GB_GCA_020028195.1,True,290
s__Rhizobium_sp017948245--RS_GCF_017948245.1,s__Rhizobium_sp017948245,d__Bacteria;p__Pseudomonadota;c__Alphaproteobacteria;o__Rhizobiales;f__Rhizobiaceae;g__Rhizobium,19,3944,2602,1219.0,6546,118452,99.63,95.0,Bacteria,Pseudomonadota,Alphaproteobacteria,Rhizobiales,Rhizobiaceae,Rhizobium,60.25,39.75,18.62,0.66,6234.0,RS_GCF_017948245.1,True,317
s__Acidithiobacillus_A_caldus--RS_GCF_000175575.2,s__Acidithiobacillus_A_caldus,d__Bacteria;p__Pseudomonadota;c__Gammaproteobacteria;o__Acidithiobacillales;f__Acidithiobacillaceae;g__Acidithiobacillus_A,19,1687,5436,2804.0,7123,55255,99.15,95.0,Bacteria,Pseudomonadota,Gammaproteobacteria,Acidithiobacillales,Acidithiobacillaceae,Acidithiobacillus_A,23.68,76.32,39.37,3.222,2908.0,RS_GCF_000175575.2,True,304
s__UBA5195_sp903838415--GB_GCA_903838415.1,s__UBA5195_sp903838415,d__Bacteria;p__Chloroflexota;c__Anaerolineae;o__Anaerolineales;f__EnvOPS12;g__UBA5195,22,3245,4477,2661.0,7722,111523,99.77,95.0,Bacteria,Chloroflexota,Anaerolineae,Anaerolineales,EnvOPS12,UBA5195,42.02,57.98,34.46,1.38,5069.0,GB_GCA_903838415.1,True,268
s__Weissella_cibaria--RS_GCF_000193635.1,s__Weissella_cibaria,d__Bacteria;p__Bacillota;c__Bacilli;o__Lactobacillales;f__Lactobacillaceae;g__Weissella,82,1534,8334,5431.0,9868,189662,98.15,95.0,Bacteria,Bacillota,Bacilli,Lactobacillales,Lactobacillaceae,Weissella,15.55,84.45,55.04,5.433,2313.0,RS_GCF_000193635.1,True,69
s__Dickeya_fangzhongdai--RS_GCF_002812485.1,s__Dickeya_fangzhongdai,d__Bacteria;p__Pseudomonadota;c__Gammaproteobacteria;o__Enterobacterales;f__Enterobacteriaceae;g__Dickeya,17,2913,2543,1449.0,5456,73470,98.65,95.0,Bacteria,Pseudomonadota,Gammaproteobacteria,Enterobacterales,Enterobacteriaceae,Dickeya,53.39,46.61,26.56,0.873,4322.0,RS_GCF_002812485.1,True,455
s__Wohlfahrtiimonas_chitiniclastica--RS_GCF_000375345.1,s__Wohlfahrtiimonas_chitiniclastica,d__Bacteria;p__Pseudomonadota;c__Gammaproteobacteria;o__Cardiobacteriales;f__Wohlfahrtiimonadaceae;g__Wohlfahrtiimonas,27,1557,1584,794.0,3141,53521,97.18,95.0,Bacteria,Pseudomonadota,Gammaproteobacteria,Cardiobacteriales,Wohlfahrtiimonadaceae,Wohlfahrtiimonas,49.57,50.43,25.28,1.017,1982.0,RS_GCF_000375345.1,True,465
s__Vescimonas_sp003487665--GB_GCA_003487665.1,s__Vescimonas_sp003487665,d__Bacteria;p__Bacillota_A;c__Clostridia;o__Oscillospirales;f__Oscillospiraceae;g__Vescimonas,18,1185,4559,3270.0,5744,32289,97.44,95.0,Bacteria,Bacillota_A,Clostridia,Oscillospirales,Oscillospiraceae,Vescimonas,20.63,79.37,56.93,3.847,1794.0,GB_GCA_003487665.1,True,154
s__Listeria_monocytogenes_C--RS_GCF_013282665.1,s__Listeria_monocytogenes_C,d__Bacteria;p__Bacillota;c__Bacilli;o__Lactobacillales;f__Listeriaceae;g__Listeria,166,1968,4181,1849.0,6149,468886,95.81,95.0,Bacteria,Bacillota,Bacilli,Lactobacillales,Listeriaceae,Listeria,32.01,67.99,30.07,2.124,2825.0,RS_GCF_013282665.1,True,82
s__Thiodiazotropha_lotti--GB_GCA_001709035.1,s__Thiodiazotropha_lotti,d__Bacteria;p__Pseudomonadota;c__Gammaproteobacteria;o__Chromatiales;f__Sedimenticolaceae;g__Thiodiazotropha,11,3197,4274,3165.0,7471,48312,99.26,95.0,Bacteria,Pseudomonadota,Gammaproteobacteria,Chromatiales,Sedimenticolaceae,Thiodiazotropha,42.79,57.21,42.36,1.337,4392.0,GB_GCA_001709035.1,True,477
s__CAG-272_sp000433515--GB_GCA_000433515.1,s__CAG-272_sp000433515,d__Bacteria;p__Bacillota_A;c__Clostridia;o__Oscillospirales;f__CAG-272;g__CAG-272,11,1413,2677,1871.0,4090,23097,98.24,95.0,Bacteria,Bacillota_A,Clostridia,Oscillospirales,CAG-272,CAG-272,34.55,65.45,45.75,1.895,2100.0,GB_GCA_000433515.1,True,172
s__Halopseudomonas_pachastrellae--RS_GCF_900114765.1,s__Halopseudomonas_pachastrellae,d__Bacteria;p__Pseudomonadota;c__Gammaproteobacteria;o__Pseudomonadales;f__Pseudomonadaceae;g__Halopseudomonas,18,2360,5305,3198.0,7665,62906,96.14,95.0,Bacteria,Pseudomonadota,Gammaproteobacteria,Pseudomonadales,Pseudomonadaceae,Halopseudomonas,30.79,69.21,41.72,2.248,3495.0,RS_GCF_900114765.1,True,321
s__Exiguobacterium_A_indicum--RS_GCF_001939065.1,s__Exiguobacterium_A_indicum,d__Bacteria;p__Bacillota;c__Bacilli;o__Exiguobacterales;f__Exiguobacteraceae;g__Exiguobacterium_A,23,2341,2333,1382.0,4674,75804,96.62,95.0,Bacteria,Bacillota,Bacilli,Exiguobacterales,Exiguobacteraceae,Exiguobacterium_A,50.09,49.91,29.57,0.997,3296.0,RS_GCF_001939065.1,True,90
s__Butyrivibrio_A_sp000431815--GB_GCA_000431815.1,s__Butyrivibrio_A_sp000431815,d__Bacteria;p__Bacillota_A;c__Clostridia;o__Lachnospirales;f__Lachnospiraceae;g__Butyrivibrio_A,10,1531,2801,2138.0,4332,22228,98.14,95.0,Bacteria,Bacillota_A,Clostridia,Lachnospirales,Lachnospiraceae,Butyrivibrio_A,35.34,64.66,49.35,1.83,2223.0,GB_GCA_000431815.1,True,180
s__Yersinia_proxima--RS_GCF_902170785.1,s__Yersinia_proxima,d__Bacteria;p__Pseudomonadota;c__Gammaproteobacteria;o__Enterobacterales;f__Enterobacteriaceae;g__Yersinia,10,2741,2330,1378.0,5071,41611,99.24,95.0,Bacteria,Pseudomonadota,Gammaproteobacteria,Enterobacterales,Enterobacteriaceae,Yersinia,54.05,45.95,27.17,0.85,4161.0,RS_GCF_902170785.1,True,414
s__Pseudomonas_E_fluorescens_AA--RS_GCF_001307275.1,s__Pseudomonas_E_fluorescens_AA,d__Bacteria;p__Pseudomonadota;c__Gammaproteobacteria;o__Pseudomonadales;f__Pseudomonadaceae;g__Pseudomonas_E,17,3392,4357,1517.0,7749,100188,97.05,95.0,Bacteria,Pseudomonadota,Gammaproteobacteria,Pseudomonadales,Pseudomonadaceae,Pseudomonas_E,43.77,56.23,19.58,1.284,5893.0,RS_GCF_001307275.1,True,312
s__Thermus_thermophilus--RS_GCF_000091545.1,s__Thermus_thermophilus,d__Bacteria;p__Deinococcota;c__Deinococci;o__Deinococcales;f__Thermaceae;g__Thermus,28,1517,3253,1582.0,4770,66619,98.41,95.7341,Bacteria,Deinococcota,Deinococci,Deinococcales,Thermaceae,Thermus,31.8,68.2,33.17,2.144,2379.0,RS_GCF_000091545.1,True,278
s__MED-G52_sp001627375--GB_GCA_012270125.1,s__MED-G52_sp001627375,d__Bacteria;p__Pseudomonadota;c__Alphaproteobacteria;o__Rhodobacterales;f__Rhodobacteraceae;g__MED-G52,17,1330,7490,5553.0,8820,39547,98.03,95.0,Bacteria,Pseudomonadota,Alphaproteobacteria,Rhodobacterales,Rhodobacteraceae,MED-G52,15.08,84.92,62.96,5.632,2326.0,GB_GCA_012270125.1,True,381
s__Enterobacter_ludwigii--RS_GCF_001750725.1,s__Enterobacter_ludwigii,d__Bacteria;p__Pseudomonadota;c__Gammaproteobacteria;o__Enterobacterales;f__Enterobacteriaceae;g__Enterobacter,109,3076,16352,9979.0,19428,511319,98.78,95.0,Bacteria,Pseudomonadota,Gammaproteobacteria,Enterobacterales,Enterobacteriaceae,Enterobacter,15.83,84.17,51.36,5.316,4691.0,RS_GCF_001750725.1,True,472
s__Cupriavidus_necator--RS_GCF_000219215.1,s__Cupriavidus_necator,d__Bacteria;p__Pseudomonadota;c__Gammaproteobacteria;o__Burkholderiales;f__Burkholderiaceae;g__Cupriavidus,12,3313,6478,3196.0,9791,85362,96.11,95.0,Bacteria,Pseudomonadota,Gammaproteobacteria,Burkholderiales,Burkholderiaceae,Cupriavidus,33.84,66.16,32.64,1.955,7114.0,RS_GCF_000219215.1,True,362
s__Ralstonia_solanacearum--RS_GCF_002251695.1,s__Ralstonia_solanacearum,d__Bacteria;p__Pseudomonadota;c__Gammaproteobacteria;o__Burkholderiales;f__Burkholderiaceae;g__Ralstonia,141,3191,15513,8296.0,18704,670283,96.27,95.0,Bacteria,Pseudomonadota,Gammaproteobacteria,Burkholderiales,Burkholderiaceae,Ralstonia,17.06,82.94,44.35,4.861,4754.0,RS_GCF_002251695.1,True,324
s__Burkholderia_ubonensis--RS_GCF_902833085.1,s__Burkholderia_ubonensis,d__Bacteria;p__Pseudomonadota;c__Gammaproteobacteria;o__Burkholderiales;f__Burkholderiaceae;g__Burkholderia,305,3836,29901,12457.0,33737,2049842,96.7,95.0,Bacteria,Pseudomonadota,Gammaproteobacteria,Burkholderiales,Burkholderiaceae,Burkholderia,11.37,88.63,36.92,7.795,6721.0,RS_GCF_902833085.1,True,431
s__Acetobacter_senegalensis--RS_GCF_001580995.1,s__Acetobacter_senegalensis,d__Bacteria;p__Pseudomonadota;c__Alphaproteobacteria;o__Acetobacterales;f__Acetobacteraceae;g__Acetobacter,13,2081,4804,2786.0,6885,46562,97.31,95.0,Bacteria,Pseudomonadota,Alphaproteobacteria,Acetobacterales,Acetobacteraceae,Acetobacter,30.23,69.77,40.46,2.309,3582.0,RS_GCF_001580995.1,True,347
s__Limosilactobacillus_mucosae--RS_GCF_001436025.1,s__Limosilactobacillus_mucosae,d__Bacteria;p__Bacillota;c__Bacilli;o__Lactobacillales;f__Lactobacillaceae;g__Limosilactobacillus,37,1249,5193,3197.0,6442,69475,97.06,95.0,Bacteria,Bacillota,Bacilli,Lactobacillales,Lactobacillaceae,Limosilactobacillus,19.39,80.61,49.63,4.158,1878.0,RS_GCF_001436025.1,True,86
s__Dolosigranulum_pigrum--RS_GCF_000245815.1,s__Dolosigranulum_pigrum,d__Bacteria;p__Bacillota;c__Bacilli;o__Lactobacillales;f__Carnobacteriaceae;g__Dolosigranulum,31,1216,2269,1128.0,3485,55110,97.46,95.0,Bacteria,Bacillota,Bacilli,Lactobacillales,Carnobacteriaceae,Dolosigranulum,34.89,65.11,32.37,1.866,1778.0,RS_GCF_000245815.1,True,75
s__Acetobacter_persici--RS_GCF_000613905.1,s__Acetobacter_persici,d__Bacteria;p__Pseudomonadota;c__Alphaproteobacteria;o__Acetobacterales;f__Acetobacteraceae;g__Acetobacter,10,1967,5537,4262.0,7504,32768,96.1,95.0,Bacteria,Pseudomonadota,Alphaproteobacteria,Acetobacterales,Acetobacteraceae,Acetobacter,26.21,73.79,56.8,2.815,3277.0,RS_GCF_000613905.1,True,438
s__Mycobacterium_neoaurum--RS_GCF_000691525.1,s__Mycobacterium_neoaurum,d__Bacteria;p__Actinomycetota;c__Actinomycetia;o__Mycobacteriales;f__Mycobacteriaceae;g__Mycobacterium,11,3378,3908,2533.0,7286,57233,99.0,95.0,Bacteria,Actinomycetota,Actinomycetia,Mycobacteriales,Mycobacteriaceae,Mycobacterium,46.36,53.64,34.77,1.157,5203.0,RS_GCF_000691525.1,True,15
