gtdb_species_clade_id,GTDB_species,GTDB_taxonomy,no_genomes,no_core,no_accessory,no_singletons,no_gene_clusters,no_CDSes,mean_intra_species_ANI,ANI_circumscription_radius,domain,phylum,class,order,family,genus,pct_core,pct_accessory,pct_singletons,pct_shared,openness,log_openness,avg_genes_per_genome,rep_genome
s__Merdibacter_merdigallinarum--GB_GCA_019118705.1,s__Merdibacter_merdigallinarum,d__Bacteria;p__Bacillota;c__Bacilli;o__Erysipelotrichales;f__Erysipelotrichaceae;g__Merdibacter,5,1310,1565,1219.0,2875,9782,98.5,95.0,Bacteria,Bacillota,Bacilli,Erysipelotrichales,Erysipelotrichaceae,Merdibacter,45.57,54.43,42.4,57.6,1.195,0.0809870469108872,1956.0,GB_GCA_019118705.1
s__28-YEA-48_sp903825465--GB_GCA_903825465.1,s__28-YEA-48_sp903825465,d__Bacteria;p__Pseudomonadota;c__Alphaproteobacteria;o__Rhizobiales;f__Beijerinckiaceae;g__28-YEA-48,6,2219,2826,1933.0,5045,24660,99.01,95.0,Bacteria,Pseudomonadota,Alphaproteobacteria,Rhizobiales,Beijerinckiaceae,28-YEA-48,43.98,56.02,38.32,61.68,1.274,0.1085650237328344,4110.0,GB_GCA_903825465.1
s__Scybalenecus_merdavium--GB_GCA_900546735.1,s__Scybalenecus_merdavium,d__Bacteria;p__Bacillota_A;c__Clostridia;o__Oscillospirales;f__Acutalibacteraceae;g__Scybalenecus,8,1429,1207,676.0,2636,15540,97.78,95.0,Bacteria,Bacillota_A,Clostridia,Oscillospirales,Acutalibacteraceae,Scybalenecus,54.21,45.79,25.64,74.36,0.845,-0.0680338852718273,1942.0,GB_GCA_900546735.1
s__Cereibacter_A_sp002407205--RS_GCF_002407205.1,s__Cereibacter_A_sp002407205,d__Bacteria;p__Pseudomonadota;c__Alphaproteobacteria;o__Rhodobacterales;f__Rhodobacteraceae;g__Cereibacter_A,5,2873,2553,1231.0,5426,22381,97.66,95.0,Bacteria,Pseudomonadota,Alphaproteobacteria,Rhodobacterales,Rhodobacteraceae,Cereibacter_A,52.95,47.05,22.69,77.31,0.889,-0.0462403082667712,4476.0,RS_GCF_002407205.1
s__Butyrivibrio_fibrisolvens_C--RS_GCF_023206215.1,s__Butyrivibrio_fibrisolvens_C,d__Bacteria;p__Bacillota_A;c__Clostridia;o__Lachnospirales;f__Lachnospiraceae;g__Butyrivibrio,13,2129,5545,3427.0,7674,47848,96.93,95.0,Bacteria,Bacillota_A,Clostridia,Lachnospirales,Lachnospiraceae,Butyrivibrio,27.74,72.26,44.66,55.34,2.605,0.417471693203293,3681.0,RS_GCF_023206215.1
s__Clostridium_F_tepidum--RS_GCF_002008345.1,s__Clostridium_F_tepidum,d__Bacteria;p__Bacillota_A;c__Clostridia;o__Clostridiales;f__Clostridiaceae;g__Clostridium_F,7,1950,1330,823.0,3280,18905,99.71,95.0,Bacteria,Bacillota_A,Clostridia,Clostridiales,Clostridiaceae,Clostridium_F,59.45,40.55,25.09,74.91,0.682,-0.1598939055432421,2701.0,RS_GCF_002008345.1
s__Enterovibrio_norvegicus--RS_GCF_900115495.1,s__Enterovibrio_norvegicus,d__Bacteria;p__Pseudomonadota;c__Gammaproteobacteria;o__Enterobacterales_A;f__Vibrionaceae;g__Enterovibrio,15,3250,4067,2226.0,7317,73906,97.89,95.0,Bacteria,Pseudomonadota,Gammaproteobacteria,Enterobacterales_A,Vibrionaceae,Enterovibrio,44.42,55.58,30.42,69.58,1.251,0.1007150865730815,4927.0,RS_GCF_900115495.1
s__JAFMDF01_sp017857395--GB_GCA_017857395.1,s__JAFMDF01_sp017857395,d__Bacteria;p__Bacteroidota;c__Bacteroidia;o__Chitinophagales;f__Saprospiraceae;g__JAFMDF01,5,3581,5329,3052.0,8910,36453,99.46,95.0,Bacteria,Bacteroidota,Bacteroidia,Chitinophagales,Saprospiraceae,JAFMDF01,40.19,59.81,34.25,65.75,1.488,0.1755118133634476,7291.0,GB_GCA_017857395.1
s__Spiroplasma_citri--RS_GCF_001886855.1,s__Spiroplasma_citri,d__Bacteria;p__Bacillota;c__Bacilli;o__Mycoplasmatales;f__Mycoplasmataceae;g__Spiroplasma,8,1198,1738,1226.0,2936,18571,99.6,96.5649,Bacteria,Bacillota,Bacilli,Mycoplasmatales,Mycoplasmataceae,Spiroplasma,40.8,59.2,41.76,58.24,1.451,0.1646502159342968,2321.0,RS_GCF_001886855.1
s__Lactococcus_cremoris--RS_GCF_001591705.1,s__Lactococcus_cremoris,d__Bacteria;p__Bacillota;c__Bacilli;o__Lactobacillales;f__Streptococcaceae;g__Lactococcus,82,1427,8256,3504.0,9683,215973,98.64,95.0,Bacteria,Bacillota,Bacilli,Lactobacillales,Streptococcaceae,Lactococcus,14.74,85.26,36.19,63.81,5.786,0.7631283767991369,2634.0,RS_GCF_001591705.1
s__Planktophila_sp903921405--GB_GCA_903921405.1,s__Planktophila_sp903921405,d__Bacteria;p__Actinomycetota;c__Actinomycetia;o__Nanopelagicales;f__Nanopelagicaceae;g__Planktophila,9,924,2897,2024.0,3821,13799,98.46,95.0,Bacteria,Actinomycetota,Actinomycetia,Nanopelagicales,Nanopelagicaceae,Planktophila,24.18,75.82,52.97,47.03,3.135,0.4976206497812876,1533.0,GB_GCA_903921405.1
s__UBA2963_sp003215215--GB_GCA_009391465.1,s__UBA2963_sp003215215,d__Bacteria;p__Chloroflexota;c__Dehalococcoidia;o__UBA2963;f__UBA2963;g__UBA2963,6,664,1501,929.0,2165,8357,98.95,95.0,Bacteria,Chloroflexota,Dehalococcoidia,UBA2963,UBA2963,UBA2963,30.67,69.33,42.91,57.09,2.261,0.3562171342197351,1393.0,GB_GCA_009391465.1
s__Fusobacterium_A_mortiferum--RS_GCF_000158195.2,s__Fusobacterium_A_mortiferum,d__Bacteria;p__Fusobacteriota;c__Fusobacteriia;o__Fusobacteriales;f__Fusobacteriaceae;g__Fusobacterium_A,17,1617,2900,1709.0,4517,43020,99.01,95.0,Bacteria,Fusobacteriota,Fusobacteriia,Fusobacteriales,Fusobacteriaceae,Fusobacterium_A,35.8,64.2,37.83,62.17,1.793,0.2559957267224019,2531.0,RS_GCF_000158195.2
s__Rhodococcus_aetherivorans--RS_GCF_011058165.1,s__Rhodococcus_aetherivorans,d__Bacteria;p__Actinomycetota;c__Actinomycetia;o__Mycobacteriales;f__Mycobacteriaceae;g__Rhodococcus,18,3385,5667,3393.0,9052,105478,98.95,95.0,Bacteria,Actinomycetota,Actinomycetia,Mycobacteriales,Mycobacteriaceae,Rhodococcus,37.4,62.6,37.48,62.52,1.674,0.2263420871636307,5860.0,RS_GCF_011058165.1
s__UBA1096_sp018674955--GB_GCA_018674955.1,s__UBA1096_sp018674955,d__Bacteria;p__Verrucomicrobiota;c__Verrucomicrobiae;o__Pedosphaerales;f__UBA1096;g__UBA1096,14,1436,8166,5146.0,9602,41990,98.88,95.0,Bacteria,Verrucomicrobiota,Verrucomicrobiae,Pedosphaerales,UBA1096,UBA1096,14.96,85.04,53.59,46.41,5.687,0.75564621945668,2999.0,GB_GCA_018674955.1
s__Hornefia_butyriciproducens--RS_GCF_009695915.1,s__Hornefia_butyriciproducens,d__Bacteria;p__Bacillota_A;c__Clostridia;o__Peptostreptococcales;f__Anaerovoracaceae;g__Hornefia,15,1322,5194,3814.0,6516,31473,98.3,95.0,Bacteria,Bacillota_A,Clostridia,Peptostreptococcales,Anaerovoracaceae,Hornefia,20.29,79.71,58.53,41.47,3.929,0.5953859808091417,2098.0,RS_GCF_009695915.1
s__COE1_sp001916965--GB_GCA_001916965.1,s__COE1_sp001916965,d__Bacteria;p__Bacillota_A;c__Clostridia;o__Lachnospirales;f__Lachnospiraceae;g__COE1,17,1929,5275,3786.0,7204,49842,98.4,95.0,Bacteria,Bacillota_A,Clostridia,Lachnospirales,Lachnospiraceae,COE1,26.78,73.22,52.55,47.45,2.735,0.4385423487861106,2932.0,GB_GCA_001916965.1
s__Pseudomonas_E_extremorientalis--RS_GCF_001870465.1,s__Pseudomonas_E_extremorientalis,d__Bacteria;p__Pseudomonadota;c__Gammaproteobacteria;o__Pseudomonadales;f__Pseudomonadaceae;g__Pseudomonas_E,31,3734,2327,1031.0,6061,180224,98.43,95.0,Bacteria,Pseudomonadota,Gammaproteobacteria,Pseudomonadales,Pseudomonadaceae,Pseudomonas_E,61.61,38.39,17.01,82.99,0.623,-0.1985962899826449,5814.0,RS_GCF_001870465.1
s__RKRQ01_sp009840385--GB_GCA_009840385.1,s__RKRQ01_sp009840385,d__Bacteria;p__Desulfobacterota_D;c__UBA1144;o__RKRQ01;f__RKRQ01;g__RKRQ01,7,1148,1023,752.0,2171,10279,96.93,95.0,Bacteria,Desulfobacterota_D,UBA1144,RKRQ01,RKRQ01,RKRQ01,52.88,47.12,34.64,65.36,0.891,-0.045275209020937,1468.0,GB_GCA_009840385.1
s__Bacteroides_congonensis--RS_GCF_900130125.1,s__Bacteroides_congonensis,d__Bacteria;p__Bacteroidota;c__Bacteroidia;o__Bacteroidales;f__Bacteroidaceae;g__Bacteroides,6,2457,3774,2428.0,6231,28954,97.81,95.0,Bacteria,Bacteroidota,Bacteroidia,Bacteroidales,Bacteroidaceae,Bacteroides,39.43,60.57,38.97,61.03,1.536,0.1892094895823061,4826.0,RS_GCF_900130125.1
s__UBA1757_sp017380635--GB_GCA_017380635.1,s__UBA1757_sp017380635,d__Bacteria;p__Bacteroidota;c__Bacteroidia;o__Bacteroidales;f__UBA1402;g__UBA1757,12,1209,4664,3497.0,5873,22555,96.97,95.0,Bacteria,Bacteroidota,Bacteroidia,Bacteroidales,UBA1402,UBA1757,20.59,79.41,59.54,40.46,3.858,0.587486465410964,1880.0,GB_GCA_017380635.1
s__Planktophila_sp009698815--GB_GCA_009698815.1,s__Planktophila_sp009698815,d__Bacteria;p__Actinomycetota;c__Actinomycetia;o__Nanopelagicales;f__Nanopelagicaceae;g__Planktophila,10,1084,769,548.0,1853,13630,99.97,95.0,Bacteria,Actinomycetota,Actinomycetia,Nanopelagicales,Nanopelagicaceae,Planktophila,58.5,41.5,29.57,70.43,0.709,-0.1432711096171174,1363.0,GB_GCA_009698815.1
s__Streptococcus_mitis_AC--RS_GCF_002096755.1,s__Streptococcus_mitis_AC,d__Bacteria;p__Bacillota;c__Bacilli;o__Lactobacillales;f__Streptococcaceae;g__Streptococcus,9,1267,2614,1915.0,3881,17941,95.27,95.0,Bacteria,Bacillota,Bacilli,Lactobacillales,Streptococcaceae,Streptococcus,32.65,67.35,49.34,50.66,2.063,0.3165993020938608,1993.0,RS_GCF_002096755.1
s__Paraburkholderia_fungorum--RS_GCF_902833645.1,s__Paraburkholderia_fungorum,d__Bacteria;p__Pseudomonadota;c__Gammaproteobacteria;o__Burkholderiales;f__Burkholderiaceae;g__Paraburkholderia,16,4126,7974,4309.0,12100,129798,98.63,95.0,Bacteria,Pseudomonadota,Gammaproteobacteria,Burkholderiales,Burkholderiaceae,Paraburkholderia,34.1,65.9,35.61,64.39,1.933,0.2884728005997825,8112.0,RS_GCF_902833645.1
s__UBA9973_sp000999465--GB_GCA_000999465.1,s__UBA9973_sp000999465,d__Bacteria;p__Patescibacteria;c__Paceibacteria;o__UBA9983_A;f__UBA9973;g__UBA9973,19,544,881,658.0,1425,12468,99.84,95.0,Bacteria,Patescibacteria,Paceibacteria,UBA9983_A,UBA9973,UBA9973,38.18,61.82,46.18,53.82,1.619,0.2119210843085094,656.0,GB_GCA_000999465.1
s__Rhodococcus_pseudokoreensis--RS_GCF_017068395.1,s__Rhodococcus_pseudokoreensis,d__Bacteria;p__Actinomycetota;c__Actinomycetia;o__Mycobacteriales;f__Mycobacteriaceae;g__Rhodococcus,6,3713,6693,4713.0,10406,54510,96.33,95.0,Bacteria,Actinomycetota,Actinomycetia,Mycobacteriales,Mycobacteriaceae,Rhodococcus,35.68,64.32,45.29,54.71,1.803,0.2583978040955086,9085.0,RS_GCF_017068395.1
s__Ferruginibacter_sp016715365--GB_GCA_016715365.1,s__Ferruginibacter_sp016715365,d__Bacteria;p__Bacteroidota;c__Bacteroidia;o__Chitinophagales;f__Chitinophagaceae;g__Ferruginibacter,5,2159,6340,5069.0,8499,21571,98.79,95.0,Bacteria,Bacteroidota,Bacteroidia,Chitinophagales,Chitinophagaceae,Ferruginibacter,25.4,74.6,59.64,40.36,2.937,0.4693801358499251,4314.0,GB_GCA_016715365.1
s__ER4_sp900550165--GB_GCA_900550165.1,s__ER4_sp900550165,d__Bacteria;p__Bacillota_A;c__Clostridia;o__Oscillospirales;f__Oscillospiraceae;g__ER4,5,1023,1882,1336.0,2905,8107,96.65,95.0,Bacteria,Bacillota_A,Clostridia,Oscillospirales,Oscillospiraceae,ER4,35.22,64.78,45.99,54.01,1.84,0.2671717284030138,1621.0,GB_GCA_900550165.1
s__Lactobacillus_panisapium--RS_GCF_019469265.1,s__Lactobacillus_panisapium,d__Bacteria;p__Bacillota;c__Bacilli;o__Lactobacillales;f__Lactobacillaceae;g__Lactobacillus,9,1205,1222,749.0,2427,17576,97.94,95.0,Bacteria,Bacillota,Bacilli,Lactobacillales,Lactobacillaceae,Lactobacillus,49.65,50.35,30.86,69.14,1.014,0.0102999566398119,1953.0,RS_GCF_019469265.1
s__Staphylococcus_simiae_A--RS_GCF_017357005.1,s__Staphylococcus_simiae_A,d__Bacteria;p__Bacillota;c__Bacilli;o__Staphylococcales;f__Staphylococcaceae;g__Staphylococcus,6,1901,108,24.0,2009,14201,99.94,95.0,Bacteria,Bacillota,Bacilli,Staphylococcales,Staphylococcaceae,Staphylococcus,94.62,5.38,1.19,98.81,0.057,-1.1739251972991736,2367.0,RS_GCF_017357005.1
s__UBA10281_sp900767815--GB_GCA_900767815.1,s__UBA10281_sp900767815,d__Bacteria;p__Bacillota_A;c__Clostridia;o__Christensenellales;f__Borkfalkiaceae;g__UBA10281,9,1064,3594,2731.0,4658,16810,96.75,95.0,Bacteria,Bacillota_A,Clostridia,Christensenellales,Borkfalkiaceae,UBA10281,22.84,77.16,58.63,41.37,3.378,0.5299434016586693,1868.0,GB_GCA_900767815.1
s__CAIXEA01_sp903895595--GB_GCA_903895595.1,s__CAIXEA01_sp903895595,d__Bacteria;p__Pseudomonadota;c__Alphaproteobacteria;o__Acetobacterales;f__Acetobacteraceae;g__CAIXEA01,11,3289,4909,3503.0,8198,59877,99.85,95.0,Bacteria,Pseudomonadota,Alphaproteobacteria,Acetobacterales,Acetobacteraceae,CAIXEA01,40.12,59.88,42.73,57.27,1.493,0.1769589805869081,5443.0,GB_GCA_903895595.1
s__Geothrix_sp903913215--GB_GCA_903913215.1,s__Geothrix_sp903913215,d__Bacteria;p__Acidobacteriota;c__Holophagae;o__Holophagales;f__Holophagaceae;g__Geothrix,29,2447,7893,5211.0,10340,100679,98.58,95.0,Bacteria,Acidobacteriota,Holophagae,Holophagales,Holophagaceae,Geothrix,23.67,76.33,50.4,49.6,3.226,0.5100085129402346,3472.0,GB_GCA_903913215.1
s__Staphylococcus_ureilyticus--RS_GCF_002902235.1,s__Staphylococcus_ureilyticus,d__Bacteria;p__Bacillota;c__Bacilli;o__Staphylococcales;f__Staphylococcaceae;g__Staphylococcus,81,1874,4787,2628.0,6661,215415,98.78,95.0,Bacteria,Bacillota,Bacilli,Staphylococcales,Staphylococcaceae,Staphylococcus,28.13,71.87,39.45,60.55,2.554,0.4089180208467797,2659.0,RS_GCF_002902235.1
s__Pseudomonas_E_asplenii--RS_GCF_900105475.1,s__Pseudomonas_E_asplenii,d__Bacteria;p__Pseudomonadota;c__Gammaproteobacteria;o__Pseudomonadales;f__Pseudomonadaceae;g__Pseudomonas_E,5,3709,2823,1996.0,6532,29139,97.99,95.0,Bacteria,Pseudomonadota,Gammaproteobacteria,Pseudomonadales,Pseudomonadaceae,Pseudomonas_E,56.78,43.22,30.56,69.44,0.761,-0.112945621949043,5828.0,RS_GCF_900105475.1
s__Pelagibacter_sp902561765--GB_GCA_902561765.1,s__Pelagibacter_sp902561765,d__Bacteria;p__Pseudomonadota;c__Alphaproteobacteria;o__Pelagibacterales;f__Pelagibacteraceae;g__Pelagibacter,7,696,1326,601.0,2022,7881,96.42,95.0,Bacteria,Pseudomonadota,Alphaproteobacteria,Pelagibacterales,Pelagibacteraceae,Pelagibacter,34.42,65.58,29.72,70.28,1.905,0.2821687783046415,1126.0,GB_GCA_902561765.1
s__PWYM01_sp003567475--GB_GCA_003567475.1,s__PWYM01_sp003567475,d__Bacteria;p__Pseudomonadota;c__Gammaproteobacteria;o__PWYM01;f__PWYM01;g__PWYM01,5,1906,1935,1244.0,3841,14670,99.7,95.0,Bacteria,Pseudomonadota,Gammaproteobacteria,PWYM01,PWYM01,PWYM01,49.62,50.38,32.39,67.61,1.015,0.010723865391773,2934.0,GB_GCA_003567475.1
s__EC70_sp002708885--GB_GCA_002708885.1,s__EC70_sp002708885,d__Bacteria;p__Verrucomicrobiota;c__Verrucomicrobiae;o__Verrucomicrobiales;f__DEV007;g__EC70,5,1575,2825,2103.0,4400,12569,98.74,95.0,Bacteria,Verrucomicrobiota,Verrucomicrobiae,Verrucomicrobiales,DEV007,EC70,35.8,64.2,47.8,52.2,1.794,0.2562365332059229,2514.0,GB_GCA_002708885.1
s__Ralstonia_pickettii--RS_GCF_016466415.2,s__Ralstonia_pickettii,d__Bacteria;p__Pseudomonadota;c__Gammaproteobacteria;o__Burkholderiales;f__Burkholderiaceae;g__Ralstonia,43,3128,5806,3107.0,8934,218081,97.84,95.1269,Bacteria,Pseudomonadota,Gammaproteobacteria,Burkholderiales,Burkholderiaceae,Ralstonia,35.01,64.99,34.78,65.22,1.856,0.2709116394104812,5072.0,RS_GCF_016466415.2
s__Luteolibacter_sp903827375--GB_GCA_903827375.1,s__Luteolibacter_sp903827375,d__Bacteria;p__Verrucomicrobiota;c__Verrucomicrobiae;o__Verrucomicrobiales;f__Akkermansiaceae;g__Luteolibacter,17,2981,12270,7702.0,15251,92524,99.39,95.0,Bacteria,Verrucomicrobiota,Verrucomicrobiae,Verrucomicrobiales,Akkermansiaceae,Luteolibacter,19.55,80.45,50.5,49.5,4.116,0.6155292236371327,5443.0,GB_GCA_903827375.1
s__Tractidigestivibacter_sp900548775--GB_GCA_900548775.1,s__Tractidigestivibacter_sp900548775,d__Bacteria;p__Actinomycetota;c__Coriobacteriia;o__Coriobacteriales;f__Atopobiaceae;g__Tractidigestivibacter,10,1243,3993,2834.0,5236,21501,98.66,95.0,Bacteria,Actinomycetota,Coriobacteriia,Coriobacteriales,Atopobiaceae,Tractidigestivibacter,23.74,76.26,54.13,45.87,3.212,0.5081255360831992,2150.0,GB_GCA_900548775.1
s__Pseudomonas_E_sp001642705--RS_GCF_022533585.1,s__Pseudomonas_E_sp001642705,d__Bacteria;p__Pseudomonadota;c__Gammaproteobacteria;o__Pseudomonadales;f__Pseudomonadaceae;g__Pseudomonas_E,5,3293,2094,1588.0,5387,25983,98.88,95.0,Bacteria,Pseudomonadota,Gammaproteobacteria,Pseudomonadales,Pseudomonadaceae,Pseudomonas_E,61.13,38.87,29.48,70.52,0.636,-0.1897674820049159,5197.0,RS_GCF_022533585.1
s__Veillonella_caviae--RS_GCF_003992125.1,s__Veillonella_caviae,d__Bacteria;p__Bacillota_C;c__Negativicutes;o__Veillonellales;f__Veillonellaceae;g__Veillonella,9,1209,2669,2113.0,3878,16513,98.51,95.0,Bacteria,Bacillota_C,Negativicutes,Veillonellales,Veillonellaceae,Veillonella,31.18,68.82,54.49,45.51,2.208,0.3459615418131412,1835.0,RS_GCF_003992125.1
s__Oceanobacillus_profundus--RS_GCF_003515705.1,s__Oceanobacillus_profundus,d__Bacteria;p__Bacillota;c__Bacilli;o__Bacillales_D;f__Amphibacillaceae;g__Oceanobacillus,5,2947,1837,1239.0,4784,22414,99.4,95.0,Bacteria,Bacillota,Bacilli,Bacillales_D,Amphibacillaceae,Oceanobacillus,61.6,38.4,25.9,74.1,0.623,-0.1985962899826449,4483.0,RS_GCF_003515705.1
s__Lachnoanaerobaculum_orale--RS_GCF_003862485.1,s__Lachnoanaerobaculum_orale,d__Bacteria;p__Bacillota_A;c__Clostridia;o__Lachnospirales;f__Lachnospiraceae;g__Lachnoanaerobaculum,8,1528,5359,4119.0,6887,21137,95.93,95.0,Bacteria,Bacillota_A,Clostridia,Lachnospirales,Lachnospiraceae,Lachnoanaerobaculum,22.19,77.81,59.81,40.19,3.507,0.5461723683169426,2642.0,RS_GCF_003862485.1
s__Limnohabitans_sp903861115--GB_GCA_903861115.1,s__Limnohabitans_sp903861115,d__Bacteria;p__Pseudomonadota;c__Gammaproteobacteria;o__Burkholderiales;f__Burkholderiaceae_B;g__Limnohabitans,13,1734,5778,4117.0,7512,37613,99.34,95.0,Bacteria,Pseudomonadota,Gammaproteobacteria,Burkholderiales,Burkholderiaceae_B,Limnohabitans,23.08,76.92,54.81,45.19,3.332,0.5240064455573725,2893.0,GB_GCA_903861115.1
s__CAG-762_sp000432575--GB_GCA_000432575.1,s__CAG-762_sp000432575,d__Bacteria;p__Bacillota;c__Bacilli;o__RF39;f__UBA660;g__CAG-762,5,711,874,455.0,1585,5247,98.26,95.0,Bacteria,Bacillota,Bacilli,RF39,UBA660,CAG-762,44.86,55.14,28.71,71.29,1.229,0.0930713063760634,1049.0,GB_GCA_000432575.1
s__Nitrospira_A_sp900170025--RS_GCF_900170025.1,s__Nitrospira_A_sp900170025,d__Bacteria;p__Nitrospirota;c__Nitrospiria;o__Nitrospirales;f__Nitrospiraceae;g__Nitrospira_A,20,2404,12171,9217.0,14575,74512,99.26,95.0,Bacteria,Nitrospirota,Nitrospiria,Nitrospirales,Nitrospiraceae,Nitrospira_A,16.49,83.51,63.24,36.76,5.063,0.7052648623174042,3726.0,RS_GCF_900170025.1
s__TMED112_sp902610995--GB_GCA_902610995.1,s__TMED112_sp902610995,d__Bacteria;p__Pseudomonadota;c__Gammaproteobacteria;o__SAR86;f__TMED112;g__TMED112,6,635,715,300.0,1350,5335,98.48,95.0,Bacteria,Pseudomonadota,Gammaproteobacteria,SAR86,TMED112,TMED112,47.04,52.96,22.22,77.78,1.126,0.055378331375,889.0,GB_GCA_902610995.1
s__Methylomonas_sp903918375--GB_GCA_903918375.1,s__Methylomonas_sp903918375,d__Bacteria;p__Pseudomonadota;c__Gammaproteobacteria;o__Methylococcales;f__Methylomonadaceae;g__Methylomonas,8,1756,3500,2193.0,5256,22572,98.06,95.0,Bacteria,Pseudomonadota,Gammaproteobacteria,Methylococcales,Methylomonadaceae,Methylomonas,33.41,66.59,41.72,58.28,1.993,0.3016809492935762,2822.0,GB_GCA_903918375.1
s__Mesorhizobium_sp000513935--RS_GCF_000513935.1,s__Mesorhizobium_sp000513935,d__Bacteria;p__Pseudomonadota;c__Alphaproteobacteria;o__Rhizobiales;f__Rhizobiaceae;g__Mesorhizobium,7,3435,3094,1929.0,6529,41244,96.99,95.0,Bacteria,Pseudomonadota,Alphaproteobacteria,Rhizobiales,Rhizobiaceae,Mesorhizobium,52.61,47.39,29.55,70.45,0.901,-0.0404816230270017,5892.0,RS_GCF_000513935.1
s__Myxococcus_llanfairpwllgwyngyllgogerychwyrndrobwllllantysiliogogogochensis--RS_GCF_006636215.1,s__Myxococcus_llanfairpwllgwyngyllgogerychwyrndrobwllllantysiliogogogochensis,d__Bacteria;p__Myxococcota;c__Myxococcia;o__Myxococcales;f__Myxococcaceae;g__Myxococcus,6,6055,4203,2603.0,10258,56692,98.27,95.0,Bacteria,Myxococcota,Myxococcia,Myxococcales,Myxococcaceae,Myxococcus,59.03,40.97,25.38,74.62,0.694,-0.1524273408578878,9449.0,RS_GCF_006636215.1
s__Synechococcus_C_sp002171995--RS_GCF_900473935.1,s__Synechococcus_C_sp002171995,d__Bacteria;p__Cyanobacteriota;c__Cyanobacteriia;o__PCC-6307;f__Cyanobiaceae;g__Synechococcus_C,5,1766,2061,1455.0,3827,11553,98.95,95.0,Bacteria,Cyanobacteriota,Cyanobacteriia,PCC-6307,Cyanobiaceae,Synechococcus_C,46.15,53.85,38.02,61.98,1.167,0.0707764628434347,2311.0,RS_GCF_900473935.1
s__Treponema_D_sp900541945--GB_GCA_022010055.1,s__Treponema_D_sp900541945,d__Bacteria;p__Spirochaetota;c__Spirochaetia;o__Treponematales;f__Treponemataceae;g__Treponema_D,8,1362,3236,2321.0,4598,17060,98.15,95.0,Bacteria,Spirochaetota,Spirochaetia,Treponematales,Treponemataceae,Treponema_D,29.62,70.38,50.48,49.52,2.376,0.377670439334323,2132.0,GB_GCA_022010055.1
s__CAG-791_sp900317555--GB_GCA_900317555.1,s__CAG-791_sp900317555,d__Bacteria;p__Bacillota_A;c__Clostridia;o__Lachnospirales;f__Lachnospiraceae;g__CAG-791,54,1170,11635,6834.0,12805,100384,98.87,95.0,Bacteria,Bacillota_A,Clostridia,Lachnospirales,Lachnospiraceae,CAG-791,9.14,90.86,53.37,46.63,9.944,0.9979976364080044,1859.0,GB_GCA_900317555.1
s__Streptococcus_lutetiensis--RS_GCF_900475675.1,s__Streptococcus_lutetiensis,d__Bacteria;p__Bacillota;c__Bacilli;o__Lactobacillales;f__Streptococcaceae;g__Streptococcus,58,1336,4501,2617.0,5837,110409,99.23,95.0,Bacteria,Bacillota,Bacilli,Lactobacillales,Streptococcaceae,Streptococcus,22.89,77.11,44.83,55.17,3.369,0.5287881917748963,1904.0,RS_GCF_900475675.1
s__Clostridium_B_tyrobutyricum--RS_GCF_000359585.1,s__Clostridium_B_tyrobutyricum,d__Bacteria;p__Bacillota_A;c__Clostridia;o__Clostridiales;f__Clostridiaceae;g__Clostridium_B,40,1914,5268,2870.0,7182,119181,99.15,95.0,Bacteria,Bacillota_A,Clostridia,Clostridiales,Clostridiaceae,Clostridium_B,26.65,73.35,39.96,60.04,2.752,0.4412236742426124,2980.0,RS_GCF_000359585.1
s__Pseudomonas_E_orientalis_A--RS_GCF_002934065.1,s__Pseudomonas_E_orientalis_A,d__Bacteria;p__Pseudomonadota;c__Gammaproteobacteria;o__Pseudomonadales;f__Pseudomonadaceae;g__Pseudomonas_E,9,3274,3188,1832.0,6462,48652,96.15,95.0,Bacteria,Pseudomonadota,Gammaproteobacteria,Pseudomonadales,Pseudomonadaceae,Pseudomonas_E,50.67,49.33,28.35,71.65,0.974,-0.0070049015686584,5406.0,RS_GCF_002934065.1
s__Stutzerimonas_nitrititolerans--RS_GCF_003696285.1,s__Stutzerimonas_nitrititolerans,d__Bacteria;p__Pseudomonadota;c__Gammaproteobacteria;o__Pseudomonadales;f__Pseudomonadaceae;g__Stutzerimonas,46,2736,12789,8957.0,15525,178794,97.45,95.0,Bacteria,Pseudomonadota,Gammaproteobacteria,Pseudomonadales,Pseudomonadaceae,Stutzerimonas,17.62,82.38,57.69,42.31,4.674,0.6706168864003256,3887.0,RS_GCF_003696285.1
s__Yersinia_aleksiciae--RS_GCF_001047675.1,s__Yersinia_aleksiciae,d__Bacteria;p__Pseudomonadota;c__Gammaproteobacteria;o__Enterobacterales;f__Enterobacteriaceae;g__Yersinia,9,2462,3121,1661.0,5583,35914,99.22,95.0,Bacteria,Pseudomonadota,Gammaproteobacteria,Enterobacterales,Enterobacteriaceae,Yersinia,44.1,55.9,29.75,70.25,1.268,0.1065308538223813,3990.0,RS_GCF_001047675.1
s__Ruminiclostridium_cellobioparum--RS_GCF_000621505.1,s__Ruminiclostridium_cellobioparum,d__Bacteria;p__Bacillota_A;c__Clostridia;o__Acetivibrionales;f__DSM-27016;g__Ruminiclostridium,6,2508,4396,3180.0,6904,26997,99.05,96.6072,Bacteria,Bacillota_A,Clostridia,Acetivibrionales,DSM-27016,Ruminiclostridium,36.33,63.67,46.06,53.94,1.753,0.2462523122993219,4500.0,RS_GCF_000621505.1
s__Negativibacillus_sp900547015--GB_GCA_900547015.1,s__Negativibacillus_sp900547015,d__Bacteria;p__Bacillota_A;c__Clostridia;o__Oscillospirales;f__Ruminococcaceae;g__Negativibacillus,5,1366,1156,878.0,2522,9105,97.83,95.0,Bacteria,Bacillota_A,Clostridia,Oscillospirales,Ruminococcaceae,Negativibacillus,54.16,45.84,34.81,65.19,0.846,-0.0675262353228467,1821.0,GB_GCA_900547015.1
s__Pseudomonas_E_proteolytica--RS_GCF_007858275.1,s__Pseudomonas_E_proteolytica,d__Bacteria;p__Pseudomonadota;c__Gammaproteobacteria;o__Pseudomonadales;f__Pseudomonadaceae;g__Pseudomonas_E,18,3451,4610,2492.0,8061,101036,98.79,95.0,Bacteria,Pseudomonadota,Gammaproteobacteria,Pseudomonadales,Pseudomonadaceae,Pseudomonas_E,42.81,57.19,30.91,69.09,1.336,0.129045059887958,5613.0,RS_GCF_007858275.1
s__UBA1195_sp902774175--GB_GCA_902774175.1,s__UBA1195_sp902774175,d__Bacteria;p__Bacteroidota;c__Bacteroidia;o__Bacteroidales;f__WCHB1-69;g__UBA1195,5,1242,2433,1752.0,3675,10526,96.93,95.0,Bacteria,Bacteroidota,Bacteroidia,Bacteroidales,WCHB1-69,UBA1195,33.8,66.2,47.67,52.33,1.959,0.2942457161381182,2105.0,GB_GCA_902774175.1
s__Dysosmobacter_faecalis--RS_GCF_018408705.1,s__Dysosmobacter_faecalis,d__Bacteria;p__Bacillota_A;c__Clostridia;o__Oscillospirales;f__Oscillospiraceae;g__Dysosmobacter,8,1767,4144,2974.0,5911,25140,99.24,95.0,Bacteria,Bacillota_A,Clostridia,Oscillospirales,Oscillospiraceae,Dysosmobacter,29.89,70.11,50.31,49.69,2.345,0.371990911464915,3142.0,RS_GCF_018408705.1
s__Mesotoga_sp002305955--GB_GCA_002305955.1,s__Mesotoga_sp002305955,d__Bacteria;p__Thermotogota;c__Thermotogae;o__Petrotogales;f__Kosmotogaceae;g__Mesotoga,7,1416,3522,2417.0,4938,20057,99.56,95.0,Bacteria,Thermotogota,Thermotogae,Petrotogales,Kosmotogaceae,Mesotoga,28.68,71.32,48.95,51.05,2.487,0.3974185423513477,2865.0,GB_GCA_002305955.1
s__Desulfovibrio_sp900243745--RS_GCF_900243745.1,s__Desulfovibrio_sp900243745,d__Bacteria;p__Desulfobacterota;c__Desulfovibrionia;o__Desulfovibrionales;f__Desulfovibrionaceae;g__Desulfovibrio,7,1679,1998,1104.0,3677,17398,99.42,95.0,Bacteria,Desulfobacterota,Desulfovibrionia,Desulfovibrionales,Desulfovibrionaceae,Desulfovibrio,45.66,54.34,30.02,69.98,1.19,0.0791812460476248,2485.0,RS_GCF_900243745.1
s__CAG-314_sp000437915--GB_GCA_000437915.1,s__CAG-314_sp000437915,d__Bacteria;p__Bacillota_A;c__Clostridia;o__Christensenellales;f__CAG-314;g__CAG-314,17,1038,2664,2093.0,3702,23001,98.4,95.0,Bacteria,Bacillota_A,Clostridia,Christensenellales,CAG-314,CAG-314,28.04,71.96,56.54,43.46,2.566,0.4109458586877744,1353.0,GB_GCA_000437915.1
s__Akkermansia_muciniphila--RS_GCF_000020225.1,s__Akkermansia_muciniphila,d__Bacteria;p__Verrucomicrobiota;c__Verrucomicrobiae;o__Verrucomicrobiales;f__Akkermansiaceae;g__Akkermansia,247,1716,14324,8792.0,16040,575920,98.03,95.0,Bacteria,Verrucomicrobiota,Verrucomicrobiae,Verrucomicrobiales,Akkermansiaceae,Akkermansia,10.7,89.3,54.81,45.19,8.347,0.9220504021671738,2332.0,RS_GCF_000020225.1
s__Protoclostridium_gallicola--GB_GCA_904387375.1,s__Protoclostridium_gallicola,d__Bacteria;p__Bacillota_A;c__Clostridia;o__Christensenellales;f__Pumilibacteraceae;g__Protoclostridium,6,1120,920,610.0,2040,9011,99.02,95.0,Bacteria,Bacillota_A,Clostridia,Christensenellales,Pumilibacteraceae,Protoclostridium,54.9,45.1,29.9,70.1,0.821,-0.080398976215889,1502.0,GB_GCA_904387375.1
s__UBA6821_sp903826635--GB_GCA_903826635.1,s__UBA6821_sp903826635,d__Bacteria;p__Verrucomicrobiota;c__Verrucomicrobiae;o__Chthoniobacterales;f__UBA6821;g__UBA6821,6,1413,2065,1444.0,3478,12753,99.46,95.0,Bacteria,Verrucomicrobiota,Verrucomicrobiae,Chthoniobacterales,UBA6821,UBA6821,40.63,59.37,41.52,58.48,1.461,0.1676126727275301,2126.0,GB_GCA_903826635.1
s__Polaribacter_sp900106075--RS_GCF_900106075.1,s__Polaribacter_sp900106075,d__Bacteria;p__Bacteroidota;c__Bacteroidia;o__Flavobacteriales;f__Flavobacteriaceae;g__Polaribacter,5,1862,1354,897.0,3216,12845,98.66,95.0,Bacteria,Bacteroidota,Bacteroidia,Flavobacteriales,Flavobacteriaceae,Polaribacter,57.9,42.1,27.89,72.11,0.727,-0.1325325121409485,2569.0,RS_GCF_900106075.1
s__Ruminococcus_B_gnavus--RS_GCF_008121495.1,s__Ruminococcus_B_gnavus,d__Bacteria;p__Bacillota_A;c__Clostridia;o__Lachnospirales;f__Lachnospiraceae;g__Ruminococcus_B,122,1733,17250,9413.0,18983,411380,98.53,95.0,Bacteria,Bacillota_A,Clostridia,Lachnospirales,Lachnospiraceae,Ruminococcus_B,9.13,90.87,49.59,50.41,9.954,0.998433718864469,3372.0,RS_GCF_008121495.1
s__Alistipes_sp015060115--GB_GCA_015060115.1,s__Alistipes_sp015060115,d__Bacteria;p__Bacteroidota;c__Bacteroidia;o__Bacteroidales;f__Rikenellaceae;g__Alistipes,9,1198,2706,2086.0,3904,15912,96.47,95.0,Bacteria,Bacteroidota,Bacteroidia,Bacteroidales,Rikenellaceae,Alistipes,30.69,69.31,53.43,46.57,2.259,0.3558344958849359,1768.0,GB_GCA_015060115.1
s__Mesorhizobium_sp003952505--RS_GCF_003952505.1,s__Mesorhizobium_sp003952505,d__Bacteria;p__Pseudomonadota;c__Alphaproteobacteria;o__Rhizobiales;f__Rhizobiaceae;g__Mesorhizobium,17,3578,15038,9932.0,18616,115590,99.33,95.0,Bacteria,Pseudomonadota,Alphaproteobacteria,Rhizobiales,Rhizobiaceae,Mesorhizobium,19.22,80.78,53.35,46.65,4.203,0.6245914591268478,6799.0,RS_GCF_003952505.1
s__Porcincola_sp902800805--GB_GCA_902761585.1,s__Porcincola_sp902800805,d__Bacteria;p__Bacillota_A;c__Clostridia;o__Lachnospirales;f__Lachnospiraceae;g__Porcincola,15,1187,7507,5541.0,8694,33131,98.06,95.0,Bacteria,Bacillota_A,Clostridia,Lachnospirales,Lachnospiraceae,Porcincola,13.65,86.35,63.73,36.27,6.324,0.8016780590358931,2209.0,GB_GCA_902761585.1
s__Prevotella_sp902775475--GB_GCA_902775475.1,s__Prevotella_sp902775475,d__Bacteria;p__Bacteroidota;c__Bacteroidia;o__Bacteroidales;f__Bacteroidaceae;g__Prevotella,7,1887,2638,1853.0,4525,19665,98.69,95.0,Bacteria,Bacteroidota,Bacteroidia,Bacteroidales,Bacteroidaceae,Prevotella,41.7,58.3,40.95,59.05,1.398,0.1486026548060934,2809.0,GB_GCA_902775475.1
s__Escherichia_sp005843885--RS_GCF_005843885.1,s__Escherichia_sp005843885,d__Bacteria;p__Pseudomonadota;c__Gammaproteobacteria;o__Enterobacterales;f__Enterobacteriaceae;g__Escherichia,35,2899,10495,5132.0,13394,165496,96.83,95.0,Bacteria,Pseudomonadota,Gammaproteobacteria,Enterobacterales,Enterobacteriaceae,Escherichia,21.64,78.36,38.32,61.68,3.62,0.5599066250361125,4728.0,RS_GCF_005843885.1
s__RGIG7107_sp017405305--GB_GCA_017405305.1,s__RGIG7107_sp017405305,d__Bacteria;p__Actinomycetota;c__Actinomycetia;o__Actinomycetales;f__Bifidobacteriaceae;g__RGIG7107,7,673,693,448.0,1366,6099,97.37,95.0,Bacteria,Actinomycetota,Actinomycetia,Actinomycetales,Bifidobacteriaceae,RGIG7107,49.27,50.73,32.8,67.2,1.03,0.0170333392987803,871.0,GB_GCA_017405305.1
s__Micropelagos_sp002700915--GB_GCA_003331985.1,s__Micropelagos_sp002700915,d__Bacteria;p__Pseudomonadota;c__Alphaproteobacteria;o__Parvibaculales;f__RS24;g__Micropelagos,5,916,1893,1259.0,2809,7937,98.84,95.0,Bacteria,Pseudomonadota,Alphaproteobacteria,Parvibaculales,RS24,Micropelagos,32.61,67.39,44.82,55.18,2.067,0.3174364965350991,1587.0,GB_GCA_003331985.1
s__Ventrimonas_sp910575255--GB_GCA_910575255.1,s__Ventrimonas_sp910575255,d__Bacteria;p__Bacillota_A;c__Clostridia;o__Lachnospirales;f__Lachnospiraceae;g__Ventrimonas,5,2571,2255,1154.0,4826,21350,99.32,95.0,Bacteria,Bacillota_A,Clostridia,Lachnospirales,Lachnospiraceae,Ventrimonas,53.27,46.73,23.91,76.09,0.877,-0.0520763801682736,4270.0,GB_GCA_910575255.1
s__Bin18_sp022820725--GB_GCA_022820725.1,s__Bin18_sp022820725,d__Bacteria;p__Desulfobacterota_B;c__Binatia;o__Bin18;f__Bin18;g__Bin18,6,2527,2160,1441.0,4687,27641,95.89,95.0,Bacteria,Desulfobacterota_B,Binatia,Bin18,Bin18,Bin18,53.92,46.08,30.74,69.26,0.855,-0.0629838925351857,4607.0,GB_GCA_022820725.1
s__UTCHB3_sp016707285--GB_GCA_016707285.1,s__UTCHB3_sp016707285,d__Bacteria;p__Bacteroidota;c__Ignavibacteria;o__Ignavibacteriales;f__Ignavibacteriaceae;g__UTCHB3,5,1483,7063,5587.0,8546,18755,98.88,95.0,Bacteria,Bacteroidota,Ignavibacteria,Ignavibacteriales,Ignavibacteriaceae,UTCHB3,17.35,82.65,65.38,34.62,4.763,0.6787914343662439,3751.0,GB_GCA_016707285.1
s__Rhodoferax_sp002784245--GB_GCA_002784245.1,s__Rhodoferax_sp002784245,d__Bacteria;p__Pseudomonadota;c__Gammaproteobacteria;o__Burkholderiales;f__Burkholderiaceae_B;g__Rhodoferax,6,1606,3835,2428.0,5441,17101,99.66,95.0,Bacteria,Pseudomonadota,Gammaproteobacteria,Burkholderiales,Burkholderiaceae_B,Rhodoferax,29.52,70.48,44.62,55.38,2.388,0.3798491787628298,2850.0,GB_GCA_002784245.1
s__SFEB01_sp004558105--GB_GCA_004558105.1,s__SFEB01_sp004558105,d__Bacteria;p__Bacillota_A;c__Clostridia;o__Christensenellales;f__CAG-314;g__SFEB01,12,863,2278,1748.0,3141,14264,97.88,95.0,Bacteria,Bacillota_A,Clostridia,Christensenellales,CAG-314,SFEB01,27.48,72.52,55.65,44.35,2.64,0.4232458739368078,1189.0,GB_GCA_004558105.1
s__Brenneria_goodwinii--RS_GCF_002291445.1,s__Brenneria_goodwinii,d__Bacteria;p__Pseudomonadota;c__Gammaproteobacteria;o__Enterobacterales;f__Enterobacteriaceae;g__Brenneria,14,3008,1270,397.0,4278,66463,99.05,95.0,Bacteria,Pseudomonadota,Gammaproteobacteria,Enterobacterales,Enterobacteriaceae,Brenneria,70.31,29.69,9.28,90.72,0.422,-0.3645162531850879,4747.0,RS_GCF_002291445.1
s__Butyricimonas_faecalis--RS_GCF_003991565.1,s__Butyricimonas_faecalis,d__Bacteria;p__Bacteroidota;c__Bacteroidia;o__Bacteroidales;f__Marinifilaceae;g__Butyricimonas,11,1907,4171,2701.0,6078,38510,98.55,95.0,Bacteria,Bacteroidota,Bacteroidia,Bacteroidales,Marinifilaceae,Butyricimonas,31.38,68.62,44.44,55.56,2.187,0.3418300569205102,3501.0,RS_GCF_003991565.1
s__Acidaminococcus_intestini--RS_GCF_000425045.1,s__Acidaminococcus_intestini,d__Bacteria;p__Bacillota_C;c__Negativicutes;o__Acidaminococcales;f__Acidaminococcaceae;g__Acidaminococcus,28,1459,3167,2049.0,4626,59040,99.59,95.0,Bacteria,Bacillota_C,Negativicutes,Acidaminococcales,Acidaminococcaceae,Acidaminococcus,31.54,68.46,44.29,55.71,2.171,0.3386556655787002,2109.0,RS_GCF_000425045.1
s__UBA1424_sp002329705--GB_GCA_002329705.1,s__UBA1424_sp002329705,d__Bacteria;p__Bacillota;c__Bacilli;o__RFN20;f__CAG-826;g__UBA1424,6,630,1518,1138.0,2148,5820,97.16,95.0,Bacteria,Bacillota,Bacilli,RFN20,CAG-826,UBA1424,29.33,70.67,52.98,47.02,2.41,0.3838153659804312,970.0,GB_GCA_002329705.1
s__JAEZTC01_sp023421675--GB_GCA_023421675.1,s__JAEZTC01_sp023421675,d__Bacteria;p__Bacillota_A;c__Clostridia;o__Acetivibrionales;f__JANLFN01;g__JAEZTC01,6,2367,2598,2184.0,4965,21544,99.13,95.0,Bacteria,Bacillota_A,Clostridia,Acetivibrionales,JANLFN01,JAEZTC01,47.67,52.33,43.99,56.01,1.098,0.0445397603924109,3591.0,GB_GCA_023421675.1
s__CAILUG01_sp903853385--GB_GCA_903853385.1,s__CAILUG01_sp903853385,d__Bacteria;p__Pseudomonadota;c__Gammaproteobacteria;o__Pseudomonadales;f__Pseudohongiellaceae;g__CAILUG01,5,1752,1854,1327.0,3606,13439,99.57,95.0,Bacteria,Pseudomonadota,Gammaproteobacteria,Pseudomonadales,Pseudohongiellaceae,CAILUG01,48.59,51.41,36.8,63.2,1.058,0.0285712526925376,2688.0,GB_GCA_903853385.1
s__Neisseria_gonorrhoeae--RS_GCF_003315235.1,s__Neisseria_gonorrhoeae,d__Bacteria;p__Pseudomonadota;c__Gammaproteobacteria;o__Burkholderiales;f__Neisseriaceae;g__Neisseria,954,1700,11951,6977.0,13651,2078866,99.57,95.0389,Bacteria,Pseudomonadota,Gammaproteobacteria,Burkholderiales,Neisseriaceae,Neisseria,12.45,87.55,51.11,48.89,7.03,0.8475726591421122,2179.0,RS_GCF_003315235.1
s__Mycobacterium_avium--RS_GCF_009741445.1,s__Mycobacterium_avium,d__Bacteria;p__Actinomycetota;c__Actinomycetia;o__Mycobacteriales;f__Mycobacteriaceae;g__Mycobacterium,249,2911,31906,17753.0,34817,1252677,98.78,96.9043,Bacteria,Actinomycetota,Actinomycetia,Mycobacteriales,Mycobacteriaceae,Mycobacterium,8.36,91.64,50.99,49.01,10.96,1.040206627574711,5031.0,RS_GCF_009741445.1
s__Cupriavidus_taiwanensis--RS_GCF_000069785.1,s__Cupriavidus_taiwanensis,d__Bacteria;p__Pseudomonadota;c__Gammaproteobacteria;o__Burkholderiales;f__Burkholderiaceae;g__Cupriavidus,9,3657,1623,643.0,5280,53339,98.86,95.0,Bacteria,Pseudomonadota,Gammaproteobacteria,Burkholderiales,Burkholderiaceae,Cupriavidus,69.26,30.74,12.18,87.82,0.444,-0.342944147142896,5927.0,RS_GCF_000069785.1
s__Fusicatenibacter_sp900543115--GB_GCA_016899975.1,s__Fusicatenibacter_sp900543115,d__Bacteria;p__Bacillota_A;c__Clostridia;o__Lachnospirales;f__Lachnospiraceae;g__Fusicatenibacter,10,1703,3793,2730.0,5496,27435,98.37,95.0,Bacteria,Bacillota_A,Clostridia,Lachnospirales,Lachnospiraceae,Fusicatenibacter,30.99,69.01,49.67,50.33,2.227,0.3496659840966296,2744.0,GB_GCA_016899975.1
s__Pseudoalteromonas_tetraodonis--RS_GCF_002310835.1,s__Pseudoalteromonas_tetraodonis,d__Bacteria;p__Pseudomonadota;c__Gammaproteobacteria;o__Enterobacterales_A;f__Alteromonadaceae;g__Pseudoalteromonas,31,2412,7439,4411.0,9851,113733,97.67,95.0,Bacteria,Pseudomonadota,Gammaproteobacteria,Enterobacterales_A,Alteromonadaceae,Pseudoalteromonas,24.48,75.52,44.78,55.22,3.084,0.4905203093633487,3669.0,RS_GCF_002310835.1
s__Campylobacter_D_volucris--RS_GCF_008245045.1,s__Campylobacter_D_volucris,d__Bacteria;p__Campylobacterota;c__Campylobacteria;o__Campylobacterales;f__Campylobacteraceae;g__Campylobacter_D,15,1222,1809,1132.0,3031,23922,98.63,95.0,Bacteria,Campylobacterota,Campylobacteria,Campylobacterales,Campylobacteraceae,Campylobacter_D,40.32,59.68,37.35,62.65,1.48,0.173186268412274,1595.0,RS_GCF_008245045.1
s__BACL14_sp010023085--GB_GCA_024919215.1,s__BACL14_sp010023085,d__Bacteria;p__Pseudomonadota;c__Gammaproteobacteria;o__Burkholderiales;f__Methylophilaceae;g__BACL14,10,1036,2124,1689.0,3160,13990,98.28,95.0,Bacteria,Pseudomonadota,Gammaproteobacteria,Burkholderiales,Methylophilaceae,BACL14,32.78,67.22,53.45,46.55,2.05,0.3138672203691533,1399.0,GB_GCA_024919215.1
s__Pseudomonas_E_fluorescens_Q--RS_GCF_001623525.1,s__Pseudomonas_E_fluorescens_Q,d__Bacteria;p__Pseudomonadota;c__Gammaproteobacteria;o__Pseudomonadales;f__Pseudomonadaceae;g__Pseudomonas_E,13,3723,2342,626.0,6065,77556,98.03,95.0,Bacteria,Pseudomonadota,Gammaproteobacteria,Pseudomonadales,Pseudomonadaceae,Pseudomonas_E,61.38,38.62,10.32,89.68,0.629,-0.1944991418415998,5966.0,RS_GCF_001623525.1
s__Bog-1340_sp903823865--GB_GCA_903823865.1,s__Bog-1340_sp903823865,d__Bacteria;p__Patescibacteria;c__Paceibacteria;o__UBA9983_A;f__GWA1-40-21;g__Bog-1340,12,606,575,487.0,1181,8304,99.9,95.0,Bacteria,Patescibacteria,Paceibacteria,UBA9983_A,GWA1-40-21,Bog-1340,51.31,48.69,41.24,58.76,0.949,-0.0181813928293364,692.0,GB_GCA_903823865.1
s__Mammaliicoccus_fleurettii--RS_GCF_003970575.1,s__Mammaliicoccus_fleurettii,d__Bacteria;p__Bacillota;c__Bacilli;o__Staphylococcales;f__Staphylococcaceae;g__Mammaliicoccus,25,1822,2255,1172.0,4077,63246,99.09,95.0,Bacteria,Bacillota,Bacilli,Staphylococcales,Staphylococcaceae,Mammaliicoccus,44.69,55.31,28.75,71.25,1.238,0.0962145853464051,2530.0,RS_GCF_003970575.1
s__UBA1711_sp900318175--GB_GCA_900318175.1,s__UBA1711_sp900318175,d__Bacteria;p__Bacteroidota;c__Bacteroidia;o__Bacteroidales;f__P3;g__UBA1711,10,1468,2825,1783.0,4293,22475,98.21,95.0,Bacteria,Bacteroidota,Bacteroidia,Bacteroidales,P3,UBA1711,34.2,65.8,41.53,58.47,1.924,0.2864564697469828,2248.0,GB_GCA_900318175.1
s__AG-339-G14_sp902616715--GB_GCA_902616715.1,s__AG-339-G14_sp902616715,d__Bacteria;p__Pseudomonadota;c__Gammaproteobacteria;o__SAR86;f__AG-339-G14;g__AG-339-G14,8,891,670,430.0,1561,8589,98.52,95.0,Bacteria,Pseudomonadota,Gammaproteobacteria,SAR86,AG-339-G14,AG-339-G14,57.08,42.92,27.55,72.45,0.752,-0.1180450286603995,1074.0,GB_GCA_902616715.1
s__Harrysmithimonas_galli--GB_GCA_904373265.1,s__Harrysmithimonas_galli,d__Bacteria;p__Bacillota;c__Bacilli;o__CAJFEE01;f__CAJFEE01;g__Harrysmithimonas,6,1822,1173,690.0,2995,14472,99.54,95.0,Bacteria,Bacillota,Bacilli,CAJFEE01,CAJFEE01,Harrysmithimonas,60.83,39.17,23.04,76.96,0.644,-0.1844222516757327,2412.0,GB_GCA_904373265.1
s__UBA7597_sp003448195--GB_GCA_905203015.1,s__UBA7597_sp003448195,d__Bacteria;p__Bacillota_A;c__Clostridia;o__Christensenellales;f__Borkfalkiaceae;g__UBA7597,7,1074,1392,993.0,2466,10610,98.88,95.0,Bacteria,Bacillota_A,Clostridia,Christensenellales,Borkfalkiaceae,UBA7597,43.55,56.45,40.27,59.73,1.296,0.1159431769390551,1516.0,GB_GCA_905203015.1
s__Parasphingorhabdus_sp002783865--GB_GCA_002783865.1,s__Parasphingorhabdus_sp002783865,d__Bacteria;p__Pseudomonadota;c__Alphaproteobacteria;o__Sphingomonadales;f__Sphingomonadaceae;g__Parasphingorhabdus,9,2392,1176,640.0,3568,27918,99.83,95.0,Bacteria,Pseudomonadota,Alphaproteobacteria,Sphingomonadales,Sphingomonadaceae,Parasphingorhabdus,67.04,32.96,17.94,82.06,0.492,-0.2992962828549806,3102.0,GB_GCA_002783865.1
s__Campylobacter_D_insulaenigrae--RS_GCF_000816185.1,s__Campylobacter_D_insulaenigrae,d__Bacteria;p__Campylobacterota;c__Campylobacteria;o__Campylobacterales;f__Campylobacteraceae;g__Campylobacter_D,19,1205,1208,481.0,2413,29555,98.92,95.0,Bacteria,Campylobacterota,Campylobacteria,Campylobacterales,Campylobacteraceae,Campylobacter_D,49.94,50.06,19.93,80.07,1.002,0.0051805125037803,1556.0,RS_GCF_000816185.1
s__UBA1081_sp900543395--GB_GCA_900543395.1,s__UBA1081_sp900543395,d__Bacteria;p__Bacillota_A;c__Clostridia;o__Oscillospirales;f__Acutalibacteraceae;g__UBA1081,5,1447,1221,752.0,2668,10669,98.53,95.0,Bacteria,Bacillota_A,Clostridia,Oscillospirales,Acutalibacteraceae,UBA1081,54.24,45.76,28.19,71.81,0.844,-0.0685421293109949,2134.0,GB_GCA_900543395.1
s__CAIRFN01_sp903877885--GB_GCA_903877885.1,s__CAIRFN01_sp903877885,d__Bacteria;p__Patescibacteria;c__UBA1384;o__UBA12157;f__UBA12157;g__CAIRFN01,5,911,287,264.0,1198,5216,99.99,95.0,Bacteria,Patescibacteria,UBA1384,UBA12157,UBA12157,CAIRFN01,76.04,23.96,22.04,77.96,0.315,-0.4881166390211256,1043.0,GB_GCA_903877885.1
s__Mycobacterium_paragordonae--RS_GCF_003614435.1,s__Mycobacterium_paragordonae,d__Bacteria;p__Actinomycetota;c__Actinomycetia;o__Mycobacteriales;f__Mycobacteriaceae;g__Mycobacterium,7,3645,3691,2396.0,7336,45343,98.23,95.0,Bacteria,Actinomycetota,Actinomycetia,Mycobacteriales,Mycobacteriaceae,Mycobacterium,49.69,50.31,32.66,67.34,1.013,0.0098756337121601,6478.0,RS_GCF_003614435.1
s__Jezberella_montanilacus--RS_GCF_003003055.1,s__Jezberella_montanilacus,d__Bacteria;p__Pseudomonadota;c__Gammaproteobacteria;o__Burkholderiales;f__Burkholderiaceae_C;g__Jezberella,10,1891,3434,2353.0,5325,31650,99.26,95.0,Bacteria,Pseudomonadota,Gammaproteobacteria,Burkholderiales,Burkholderiaceae_C,Jezberella,35.51,64.49,44.19,55.81,1.816,0.2615007731982801,3165.0,RS_GCF_003003055.1
s__Phenylobacterium_sp018821435--GB_GCA_018821435.1,s__Phenylobacterium_sp018821435,d__Bacteria;p__Pseudomonadota;c__Alphaproteobacteria;o__Caulobacterales;f__Caulobacteraceae;g__Phenylobacterium,6,3508,448,279.0,3956,29510,99.99,95.0,Bacteria,Pseudomonadota,Alphaproteobacteria,Caulobacterales,Caulobacteraceae,Phenylobacterium,88.68,11.32,7.05,92.95,0.128,-0.8601209135987634,4918.0,GB_GCA_018821435.1
s__Ewingella_americana--RS_GCF_000735345.1,s__Ewingella_americana,d__Bacteria;p__Pseudomonadota;c__Gammaproteobacteria;o__Enterobacterales;f__Enterobacteriaceae;g__Ewingella,11,2945,3251,2447.0,6196,50027,97.92,95.0,Bacteria,Pseudomonadota,Gammaproteobacteria,Enterobacterales,Enterobacteriaceae,Ewingella,47.53,52.47,39.49,60.51,1.104,0.0468851908377101,4548.0,RS_GCF_000735345.1
s__Marinirhabdus_sp002375495--GB_GCA_002375495.1,s__Marinirhabdus_sp002375495,d__Bacteria;p__Bacteroidota;c__Bacteroidia;o__Flavobacteriales;f__Flavobacteriaceae;g__Marinirhabdus,9,2281,4097,3383.0,6378,27996,98.3,95.0,Bacteria,Bacteroidota,Bacteroidia,Flavobacteriales,Flavobacteriaceae,Marinirhabdus,35.76,64.24,53.04,46.96,1.796,0.256717745977487,3111.0,GB_GCA_002375495.1
s__Pseudomonas_E_straminea--RS_GCF_900112645.1,s__Pseudomonas_E_straminea,d__Bacteria;p__Pseudomonadota;c__Gammaproteobacteria;o__Pseudomonadales;f__Pseudomonadaceae;g__Pseudomonas_E,8,3010,2695,1989.0,5705,33928,98.22,95.0,Bacteria,Pseudomonadota,Gammaproteobacteria,Pseudomonadales,Pseudomonadaceae,Pseudomonas_E,52.76,47.24,34.86,65.14,0.895,-0.0433514207947966,4241.0,RS_GCF_900112645.1
s__Brevibacillus_parabrevis--RS_GCF_003710905.1,s__Brevibacillus_parabrevis,d__Bacteria;p__Bacillota;c__Bacilli;o__Brevibacillales;f__Brevibacillaceae;g__Brevibacillus,8,3347,2416,1413.0,5763,44554,98.86,95.0,Bacteria,Bacillota,Bacilli,Brevibacillales,Brevibacillaceae,Brevibacillus,58.08,41.92,24.52,75.48,0.722,-0.1354889189416081,5569.0,RS_GCF_003710905.1
s__Campylobacter_A_showae_A--RS_GCF_000313615.1,s__Campylobacter_A_showae_A,d__Bacteria;p__Campylobacterota;c__Campylobacteria;o__Campylobacterales;f__Campylobacteraceae;g__Campylobacter_A,5,1595,983,417.0,2578,11479,96.64,95.0,Bacteria,Campylobacterota,Campylobacteria,Campylobacterales,Campylobacteraceae,Campylobacter_A,61.87,38.13,16.18,83.82,0.616,-0.2034256667895703,2296.0,RS_GCF_000313615.1
s__Limivicinus_sp002320035--GB_GCA_002320035.1,s__Limivicinus_sp002320035,d__Bacteria;p__Bacillota_A;c__Clostridia;o__Oscillospirales;f__Oscillospiraceae;g__Limivicinus,5,1335,1489,1030.0,2824,9876,98.95,95.0,Bacteria,Bacillota_A,Clostridia,Oscillospirales,Oscillospiraceae,Limivicinus,47.27,52.73,36.47,63.53,1.115,0.0511525224473812,1975.0,GB_GCA_002320035.1
s__Acutalibacter_muris--RS_GCF_002201475.1,s__Acutalibacter_muris,d__Bacteria;p__Bacillota_A;c__Clostridia;o__Oscillospirales;f__Acutalibacteraceae;g__Acutalibacter,6,2151,2277,710.0,4428,21799,98.5,95.0,Bacteria,Bacillota_A,Clostridia,Oscillospirales,Acutalibacteraceae,Acutalibacter,48.58,51.42,16.03,83.97,1.059,0.0289777052087779,3633.0,RS_GCF_002201475.1
s__Odoribacter_sp900544025--GB_GCA_900544025.1,s__Odoribacter_sp900544025,d__Bacteria;p__Bacteroidota;c__Bacteroidia;o__Bacteroidales;f__Marinifilaceae;g__Odoribacter,5,1840,1727,1052.0,3567,14300,98.89,95.0,Bacteria,Bacteroidota,Bacteroidia,Bacteroidales,Marinifilaceae,Odoribacter,51.58,48.42,29.49,70.51,0.939,-0.0227337875727073,2860.0,GB_GCA_900544025.1
s__Sulfurimonas_sp013791885--GB_GCA_013791885.1,s__Sulfurimonas_sp013791885,d__Bacteria;p__Campylobacterota;c__Campylobacteria;o__Campylobacterales;f__Sulfurimonadaceae;g__Sulfurimonas,8,1912,1047,533.0,2959,19475,99.38,95.0,Bacteria,Campylobacterota,Campylobacteria,Campylobacterales,Sulfurimonadaceae,Sulfurimonas,64.62,35.38,18.01,81.99,0.548,-0.2533658010624212,2434.0,GB_GCA_013791885.1
s__Coprobacillus_cateniformis--RS_GCF_009767585.1,s__Coprobacillus_cateniformis,d__Bacteria;p__Bacillota;c__Bacilli;o__Erysipelotrichales;f__Coprobacillaceae;g__Coprobacillus,11,1982,4072,2729.0,6054,40482,99.18,95.0,Bacteria,Bacillota,Bacilli,Erysipelotrichales,Coprobacillaceae,Coprobacillus,32.74,67.26,45.08,54.92,2.054,0.3147096929551736,3680.0,RS_GCF_009767585.1
s__Bacteroides_heparinolyticus--RS_GCF_004342845.1,s__Bacteroides_heparinolyticus,d__Bacteria;p__Bacteroidota;c__Bacteroidia;o__Bacteroidales;f__Bacteroidaceae;g__Bacteroides,8,1754,2706,1727.0,4460,22586,97.4,95.0,Bacteria,Bacteroidota,Bacteroidia,Bacteroidales,Bacteroidaceae,Bacteroides,39.33,60.67,38.72,61.28,1.543,0.1911714557285585,2823.0,RS_GCF_004342845.1
s__Alcanivorax_sp900107995--RS_GCF_900107995.1,s__Alcanivorax_sp900107995,d__Bacteria;p__Pseudomonadota;c__Gammaproteobacteria;o__Pseudomonadales;f__Alcanivoracaceae;g__Alcanivorax,9,2345,2616,1703.0,4961,29905,98.42,95.0,Bacteria,Pseudomonadota,Gammaproteobacteria,Pseudomonadales,Alcanivoracaceae,Alcanivorax,47.27,52.73,34.33,65.67,1.116,0.0515383905153274,3323.0,RS_GCF_900107995.1
s__Prevotella_sp900320255--GB_GCA_900320255.1,s__Prevotella_sp900320255,d__Bacteria;p__Bacteroidota;c__Bacteroidia;o__Bacteroidales;f__Bacteroidaceae;g__Prevotella,7,1584,2734,1777.0,4318,17929,98.68,95.0,Bacteria,Bacteroidota,Bacteroidia,Bacteroidales,Bacteroidaceae,Prevotella,36.68,63.32,41.15,58.85,1.726,0.2395497208404731,2561.0,GB_GCA_900320255.1
s__CACNXK01_sp902622845--GB_GCA_902622845.1,s__CACNXK01_sp902622845,d__Bacteria;p__Pseudomonadota;c__Gammaproteobacteria;o__SAR86;f__D2472;g__CACNXK01,8,880,639,351.0,1519,8516,97.97,95.0,Bacteria,Pseudomonadota,Gammaproteobacteria,SAR86,D2472,CACNXK01,57.93,42.07,23.11,76.89,0.726,-0.1331221856625011,1064.0,GB_GCA_902622845.1
s__Anaeromyxobacter_sp022808855--RS_GCF_022808855.1,s__Anaeromyxobacter_sp022808855,d__Bacteria;p__Myxococcota;c__Myxococcia;o__Myxococcales;f__Anaeromyxobacteraceae;g__Anaeromyxobacter,5,3381,1537,805.0,4918,23931,99.3,95.0,Bacteria,Myxococcota,Myxococcia,Myxococcales,Anaeromyxobacteraceae,Anaeromyxobacter,68.75,31.25,16.37,83.63,0.455,-0.332547047110046,4786.0,RS_GCF_022808855.1
s__Ferruginibacter_sp903878475--GB_GCA_903878475.1,s__Ferruginibacter_sp903878475,d__Bacteria;p__Bacteroidota;c__Bacteroidia;o__Chitinophagales;f__Chitinophagaceae;g__Ferruginibacter,5,1540,2702,1652.0,4242,12983,98.41,95.0,Bacteria,Bacteroidota,Bacteroidia,Chitinophagales,Chitinophagaceae,Ferruginibacter,36.3,63.7,38.94,61.06,1.755,0.2467447097238413,2597.0,GB_GCA_903878475.1
s__Rhizobium_sp900465675--GB_GCA_900465675.1,s__Rhizobium_sp900465675,d__Bacteria;p__Pseudomonadota;c__Alphaproteobacteria;o__Rhizobiales;f__Rhizobiaceae;g__Rhizobium,7,3587,2461,1174.0,6048,42826,98.45,95.0,Bacteria,Pseudomonadota,Alphaproteobacteria,Rhizobiales,Rhizobiaceae,Rhizobium,59.31,40.69,19.41,80.59,0.686,-0.1573907603894378,6118.0,GB_GCA_900465675.1
s__Nocardia_cyriacigeorgica--RS_GCF_000308555.1,s__Nocardia_cyriacigeorgica,d__Bacteria;p__Actinomycetota;c__Actinomycetia;o__Mycobacteriales;f__Mycobacteriaceae;g__Nocardia,18,3462,5146,2745.0,8608,105741,96.94,95.0,Bacteria,Actinomycetota,Actinomycetia,Mycobacteriales,Mycobacteriaceae,Nocardia,40.22,59.78,31.89,68.11,1.486,0.1749315935284425,5874.0,RS_GCF_000308555.1
s__Corynebacterium_urealyticum--RS_GCF_000069945.1,s__Corynebacterium_urealyticum,d__Bacteria;p__Actinomycetota;c__Actinomycetia;o__Mycobacteriales;f__Mycobacteriaceae;g__Corynebacterium,9,1540,786,238.0,2326,18106,98.66,95.0,Bacteria,Actinomycetota,Actinomycetia,Mycobacteriales,Mycobacteriaceae,Corynebacterium,66.21,33.79,10.23,89.77,0.51,-0.2839966563652008,2012.0,RS_GCF_000069945.1
s__Clostridium_AO_tetanomorphum--RS_GCF_017873215.1,s__Clostridium_AO_tetanomorphum,d__Bacteria;p__Bacillota_A;c__Clostridia;o__Clostridiales;f__Clostridiaceae;g__Clostridium_AO,5,2904,961,504.0,3865,21151,99.85,95.0,Bacteria,Bacillota_A,Clostridia,Clostridiales,Clostridiaceae,Clostridium_AO,75.14,24.86,13.04,86.96,0.331,-0.4672456210075022,4230.0,RS_GCF_017873215.1
s__Marisimplicoccus_sp902586435--GB_GCA_902586435.1,s__Marisimplicoccus_sp902586435,d__Bacteria;p__Bacteroidota;c__Bacteroidia;o__Flavobacteriales;f__Flavobacteriaceae;g__Marisimplicoccus,5,680,772,360.0,1452,4867,96.29,95.0,Bacteria,Bacteroidota,Bacteroidia,Flavobacteriales,Flavobacteriaceae,Marisimplicoccus,46.83,53.17,24.79,75.21,1.135,0.0588054866759068,973.0,GB_GCA_902586435.1
s__Cupriavidus_oxalaticus--RS_GCF_016894385.1,s__Cupriavidus_oxalaticus,d__Bacteria;p__Pseudomonadota;c__Gammaproteobacteria;o__Burkholderiales;f__Burkholderiaceae;g__Cupriavidus,5,3594,1305,937.0,4899,32024,99.73,95.0,Bacteria,Pseudomonadota,Gammaproteobacteria,Burkholderiales,Burkholderiaceae,Cupriavidus,73.36,26.64,19.13,80.87,0.363,-0.4282911681913124,6405.0,RS_GCF_016894385.1
s__UBA4951_sp902802355--GB_GCA_902802355.1,s__UBA4951_sp902802355,d__Bacteria;p__Bacillota;c__Bacilli;o__RFN20;f__CAG-826;g__UBA4951,5,616,1463,1064.0,2079,5101,96.39,95.0,Bacteria,Bacillota,Bacilli,RFN20,CAG-826,UBA4951,29.63,70.37,51.18,48.82,2.375,0.3774883833761326,1020.0,GB_GCA_902802355.1
s__DMER64_sp002071385--GB_GCA_002071385.1,s__DMER64_sp002071385,d__Bacteria;p__Bacteroidota;c__Bacteroidia;o__Bacteroidales;f__UBA932;g__DMER64,10,1337,2746,2053.0,4083,19268,99.64,95.0,Bacteria,Bacteroidota,Bacteroidia,Bacteroidales,UBA932,DMER64,32.75,67.25,50.28,49.72,2.054,0.3147096929551736,1927.0,GB_GCA_002071385.1
s__Celeribacter_baekdonensis--RS_GCF_900102315.1,s__Celeribacter_baekdonensis,d__Bacteria;p__Pseudomonadota;c__Alphaproteobacteria;o__Rhodobacterales;f__Rhodobacteraceae;g__Celeribacter,8,2658,2750,1183.0,5408,34329,97.81,95.0,Bacteria,Pseudomonadota,Alphaproteobacteria,Rhodobacterales,Rhodobacteraceae,Celeribacter,49.15,50.85,21.88,78.12,1.035,0.0191162904470727,4291.0,RS_GCF_900102315.1
s__Cryptobacteroides_sp002472565--GB_GCA_002472565.1,s__Cryptobacteroides_sp002472565,d__Bacteria;p__Bacteroidota;c__Bacteroidia;o__Bacteroidales;f__UBA932;g__Cryptobacteroides,9,1292,2204,1608.0,3496,16349,99.54,95.0,Bacteria,Bacteroidota,Bacteroidia,Bacteroidales,UBA932,Cryptobacteroides,36.96,63.04,46.0,54.0,1.706,0.2345172835126866,1817.0,GB_GCA_002472565.1
s__JGIOTU-2_sp000404785--GB_GCA_000404785.1,s__JGIOTU-2_sp000404785,d__Bacteria;p__Cloacimonadota;c__Cloacimonadia;o__JGIOTU-2;f__JGIOTU-2;g__JGIOTU-2,12,1355,2914,1976.0,4269,20772,98.55,95.0,Bacteria,Cloacimonadota,Cloacimonadia,JGIOTU-2,JGIOTU-2,JGIOTU-2,31.74,68.26,46.29,53.71,2.151,0.3346547668832412,1731.0,GB_GCA_000404785.1
s__Faecalibacterium_sp900539885--RS_GCF_023347535.1,s__Faecalibacterium_sp900539885,d__Bacteria;p__Bacillota_A;c__Clostridia;o__Oscillospirales;f__Ruminococcaceae;g__Faecalibacterium,12,1381,3728,2418.0,5109,27636,97.07,95.0,Bacteria,Bacillota_A,Clostridia,Oscillospirales,Ruminococcaceae,Faecalibacterium,27.03,72.97,47.33,52.67,2.699,0.4328090050331681,2303.0,RS_GCF_023347535.1
s__Companilactobacillus_paralimentarius--RS_GCF_001434985.1,s__Companilactobacillus_paralimentarius,d__Bacteria;p__Bacillota;c__Bacilli;o__Lactobacillales;f__Lactobacillaceae;g__Companilactobacillus,5,1582,1442,1055.0,3024,12392,99.94,95.0,Bacteria,Bacillota,Bacilli,Lactobacillales,Lactobacillaceae,Companilactobacillus,52.31,47.69,34.89,65.11,0.912,-0.0352690789463706,2478.0,RS_GCF_001434985.1
s__Anaerovibrio_sp900548165--RS_GCF_021531495.1,s__Anaerovibrio_sp900548165,d__Bacteria;p__Bacillota_C;c__Negativicutes;o__Selenomonadales;f__Selenomonadaceae;g__Anaerovibrio,20,1320,4430,2933.0,5750,38951,97.77,95.0,Bacteria,Bacillota_C,Negativicutes,Selenomonadales,Selenomonadaceae,Anaerovibrio,22.96,77.04,51.01,48.99,3.356,0.527114111639805,1948.0,RS_GCF_021531495.1
s__Fabibacter_pacificus--RS_GCF_900111145.1,s__Fabibacter_pacificus,d__Bacteria;p__Bacteroidota;c__Bacteroidia;o__Cytophagales;f__Cyclobacteriaceae;g__Fabibacter,7,3025,656,27.0,3681,28429,97.35,95.0,Bacteria,Bacteroidota,Bacteroidia,Cytophagales,Cyclobacteriaceae,Fabibacter,82.18,17.82,0.73,99.27,0.217,-0.6439741428068773,4061.0,RS_GCF_900111145.1
s__Brevibacterium_aurantiacum--RS_GCF_900169065.1,s__Brevibacterium_aurantiacum,d__Bacteria;p__Actinomycetota;c__Actinomycetia;o__Actinomycetales;f__Brevibacteriaceae;g__Brevibacterium,28,2338,4880,2314.0,7218,106465,97.7,95.0,Bacteria,Actinomycetota,Actinomycetia,Actinomycetales,Brevibacteriaceae,Brevibacterium,32.39,67.61,32.06,67.94,2.087,0.3215984304653438,3802.0,RS_GCF_900169065.1
s__C7867-001_sp018826905--GB_GCA_018826905.1,s__C7867-001_sp018826905,d__Bacteria;p__Patescibacteria;c__Paceibacteria;o__UBA9983_A;f__UBA2103;g__C7867-001,6,232,670,170.0,902,4405,99.96,95.0,Bacteria,Patescibacteria,Paceibacteria,UBA9983_A,UBA2103,C7867-001,25.72,74.28,18.85,81.15,2.888,0.4620983811351557,734.0,GB_GCA_018826905.1
s__Microbacterium_arborescens--GB_GCA_003339645.1,s__Microbacterium_arborescens,d__Bacteria;p__Actinomycetota;c__Actinomycetia;o__Actinomycetales;f__Microbacteriaceae;g__Microbacterium,7,2284,1304,1006.0,3588,22879,99.05,95.0,Bacteria,Actinomycetota,Actinomycetia,Actinomycetales,Microbacteriaceae,Microbacterium,63.66,36.34,28.04,71.96,0.571,-0.2358238676096693,3268.0,GB_GCA_003339645.1
s__Collinsella_aerofaciens_J--GB_GCA_008671135.1,s__Collinsella_aerofaciens_J,d__Bacteria;p__Actinomycetota;c__Coriobacteriia;o__Coriobacteriales;f__Coriobacteriaceae;g__Collinsella,6,1271,1195,748.0,2466,11151,97.21,95.2147,Bacteria,Actinomycetota,Coriobacteriia,Coriobacteriales,Coriobacteriaceae,Collinsella,51.54,48.46,30.33,69.67,0.94,-0.0222763947111522,1858.0,GB_GCA_008671135.1
s__Bacillus_AB_infantis--RS_GCF_000473245.1,s__Bacillus_AB_infantis,d__Bacteria;p__Bacillota;c__Bacilli;o__Bacillales;f__DSM-18226;g__Bacillus_AB,9,3198,3812,2391.0,7010,46561,98.29,95.0,Bacteria,Bacillota,Bacilli,Bacillales,DSM-18226,Bacillus_AB,45.62,54.38,34.11,65.89,1.192,0.0799044676667207,5173.0,RS_GCF_000473245.1
s__13-2-20CM-66-19_sp001914695--GB_GCA_001914695.1,s__13-2-20CM-66-19_sp001914695,d__Bacteria;p__Pseudomonadota;c__Gammaproteobacteria;o__Steroidobacterales;f__Steroidobacteraceae;g__13-2-20CM-66-19,19,1880,11150,8051.0,13030,61894,98.0,95.0,Bacteria,Pseudomonadota,Gammaproteobacteria,Steroidobacterales,Steroidobacteraceae,13-2-20CM-66-19,14.43,85.57,61.79,38.21,5.931,0.773859552376687,3258.0,GB_GCA_001914695.1
s__Acetatifactor_sp016290775--GB_GCA_016290775.1,s__Acetatifactor_sp016290775,d__Bacteria;p__Bacillota_A;c__Clostridia;o__Lachnospirales;f__Lachnospiraceae;g__Acetatifactor,6,1544,3987,3046.0,5531,16300,96.9,95.0,Bacteria,Bacillota_A,Clostridia,Lachnospirales,Lachnospiraceae,Acetatifactor,27.92,72.08,55.07,44.93,2.582,0.4136349971985557,2717.0,GB_GCA_016290775.1
